,0
0,D0005-LTG10
1,D0005-LTG11
2,D0005-LTG12
3,D0005-LTG13
4,D0005-LTG14
5,D0005-LTG15
6,D0005-LTG16
7,D0005-LTG19
8,D0005-LTG20
9,D0005-LTG21
10,D0005-LTG22
11,D0005-LTG23
12,D0005-LTG24
13,D0005-LTG26
14,D0005-LTG27
15,D0005-LTG28
16,D0005-LTG29
17,D0005-LTG2
18,D0005-LTG30
19,D0005-LTG31
20,D0005-LTG32
21,D0005-LTG3
22,D0005-LTG4
23,D0005-LTG5
24,D0005-LTG6
25,D0005-LTG7
26,D0005-LTG8
27,D0005-MST1
28,D0005-MST2
29,D0005-MST3
30,D0005-MST4
31,D0005-PST1
32,D0005-PST2
33,D0005-PST3
34,D0005-PST4
35,D0007-RAIH1
36,D0007-RAIH2
37,D0007-RAIH3
38,D0007-RAIH4
39,D0007-RAMF1
40,D0007-RAMF2
41,D0007-RAMF3
42,D0007-RAMF4
43,D0007-RAMF5
44,D0007-RAMF6
45,D0007-RASF1
46,D0007-RASF2
47,D0007-RASF3
48,D0007-RASF4
49,D0007-RASF5
50,D0007-RASF6
51,D0007-RFG1
52,D0007-RFG2
53,D0007-RFG3
54,D0007-RFG4
55,D0007-RFG5
56,D0007-RFG6
57,D0007-RFG7
58,D0007-RFG8
59,D0007-RFG9
60,D0007-RFG10
61,D0007-RFG11
62,D0007-RFG12
63,D0007-RFG13
64,D0007-RFG14
65,D0007-RFG15
66,D0007-RFG16
67,D0007-RFG17
68,D0007-RFG18
69,D0007-RFG19
70,D0007-RFG20
71,D0007-RFG21
72,D0007-RFG22
73,D0007-RFG23
74,D0007-RFG24
75,D0007-RFG25
76,D0007-RFG26
77,D0007-RFG27
78,D0007-RFG28
79,D0007-RFG29
80,D0007-RFG31
81,D0007-RFG32
82,D0007-RFG33
83,D0007-RFG34
84,D0007-RFG35
85,D0007-RFG36
86,D0007-RFG37
87,D0007-RFG40
88,D0007-RFG41
89,D0007-RFG42
90,D0007-RFG43
91,D0007-RFG44
92,D0007-RFG45
93,D0007-RFG46
94,D0007-RFG47
95,D0007-RFG48
96,D0007-RFG49
97,D0007-RFG50
98,D0007-RFG51
99,D0007-RFG52
100,D0007-RFG53
101,D0007-RFG54
102,D0007-RFG55
103,D0007-RFG56
104,D0007-RFG57
105,D0007-RFG58
106,D0007-RFG59
107,D0007-RFG60
108,D0007-RFG61
109,D0007-RFG62
110,D0007-RFG63
111,D0007-RFG64
112,D0007-RMIH1
113,D0007-RMIH2
114,D0007-RMIH3
115,D0007-RMIH4
116,D0007-RPIH1
117,D0007-RPIH2
118,D0007-RPIH3
119,D0007-RPIH4
120,D0007-RPIH5
121,D0007-RPIH6
122,D0007-RPO1
123,D0007-RPO2
124,D0007-RPO3
125,D0007-RPO4
126,D0007-RPO5
127,D0007-RPO6
128,D0007-RPPH1
129,D0007-RPPH2
130,D0007-RPPH4
131,D0007-RPPH6
132,D0008-LB1
133,D0008-LB3
134,D0008-LB4
135,D0008-LB5
136,D0008-LB6
137,D0008-LB7
138,D0008-LB8
139,D0008-LC1
140,D0008-LC2
141,D0008-LC3
142,D0008-LC4
143,D0008-LC5
144,D0008-LC6
145,D0008-LC7
146,D0008-LC8
147,D0008-LC9
148,D0008-LC10
149,D0008-LD1
150,D0008-LD2
151,D0008-LD3
152,D0008-LD4
153,D0008-LD5
154,D0008-LD6
155,D0008-LD7
156,D0008-LD8
157,D0008-LD9
158,D0008-LD10
159,D0008-RA1
160,D0008-RA2
161,D0008-RA3
162,D0008-RA4
163,D0008-RA5
164,D0008-RA6
165,D0008-RA7
166,D0008-RA8
167,D0008-RB1
168,D0008-RB2
169,D0008-RB3
170,D0008-RB4
171,D0008-RB5
172,D0008-RB6
173,D0008-RB7
174,D0008-RB8
175,D0008-RC1
176,D0008-RC2
177,D0008-RC3
178,D0008-RC4
179,D0008-RC5
180,D0008-RC6
181,D0008-RC7
182,D0008-RC8
183,D0008-RD1
184,D0008-RD2
185,D0008-RD3
186,D0008-RD4
187,D0008-RD5
188,D0008-RD6
189,D0008-RD7
190,D0008-RD8
191,D0008-RD9
192,D0008-RD10
193,D0008-RE1
194,D0008-RE2
195,D0008-RE3
196,D0008-RE4
197,D0008-RE5
198,D0008-RE6
199,D0008-RE7
200,D0008-RE8
201,D0008-RE9
202,D0008-RE10
203,D0008-RF1
204,D0008-RF2
205,D0008-RF3
206,D0008-RF4
207,D0008-RF5
208,D0008-RF6
209,D0008-RF7
210,D0008-RF8
211,D0008-RF9
212,D0008-RF10
213,D0008-RG1
214,D0008-RG2
215,D0008-RG3
216,D0008-RG4
217,D0008-RG5
218,D0008-RG6
219,D0008-RG7
220,D0009-LAMT1
221,D0009-LAMT2
222,D0009-LAMT3
223,D0009-LAMT4
224,D0009-LAMT5
225,D0009-LAMT6
226,D0009-LAMT7
227,D0009-LAMT8
228,D0009-LAMT9
229,D0009-LAMT10
230,D0009-LASF1
231,D0009-LASF2
232,D0009-LASF3
233,D0009-LASF4
234,D0009-LASF5
235,D0009-LASF6
236,D0009-LASF7
237,D0009-LASF9
238,D0009-LASF10
239,D0009-LMIF1
240,D0009-LMIF2
241,D0009-LMIF3
242,D0009-LMIF4
243,D0009-LMIF5
244,D0009-LMIF6
245,D0009-LMIF7
246,D0009-LMIF8
247,D0009-LMIF9
248,D0009-LMIF10
249,D0009-LMMF1
250,D0009-LMMF3
251,D0009-LMMF5
252,D0009-LMMF7
253,D0009-LMMF9
254,D0009-LMST1
255,D0009-LMST2
256,D0009-LMST3
257,D0009-LMST4
258,D0009-LMST5
259,D0009-LMST6
260,D0009-LMST7
261,D0009-LMST8
262,D0009-LMST9
263,D0009-LMST10
264,D0009-LPMT1
265,D0009-LPMT2
266,D0009-LPMT3
267,D0009-LPMT4
268,D0009-LPMT5
269,D0009-LPMT6
270,D0009-LPMT7
271,D0009-LPMT8
272,D0009-LPMT9
273,D0009-LPMT10
274,D0009-LPSF1
275,D0009-LPSF3
276,D0009-LPSF5
277,D0009-LPSF7
278,D0009-LPSF9
279,D0009-RAMT1
280,D0009-RAMT2
281,D0009-RAMT3
282,D0009-RAMT4
283,D0009-RAMT5
284,D0009-RAMT6
285,D0009-RAMT7
286,D0009-RAMT8
287,D0009-RAMT9
288,D0009-RAMT10
289,D0009-RASF1
290,D0009-RASF2
291,D0009-RASF3
292,D0009-RASF4
293,D0009-RASF5
294,D0009-RASF6
295,D0009-RASF7
296,D0009-RASF8
297,D0009-RASF9
298,D0009-RASF10
299,D0009-RMIF1
300,D0009-RMIF2
301,D0009-RMIF3
302,D0009-RMIF4
303,D0009-RMIF5
304,D0009-RMIF6
305,D0009-RMIF7
306,D0009-RMIF8
307,D0009-RMIF9
308,D0009-RMIF10
309,D0009-RMMF1
310,D0009-RMMF3
311,D0009-RMMF5
312,D0009-RMMF7
313,D0009-RMMF9
314,D0009-RMPT1
315,D0009-RMPT2
316,D0009-RMPT3
317,D0009-RMPT4
318,D0009-RMPT5
319,D0009-RMPT6
320,D0009-RMPT7
321,D0009-RMPT8
322,D0009-RMPT9
323,D0009-RMPT10
324,D0009-RMST1
325,D0009-RMST2
326,D0009-RMST3
327,D0009-RMST4
328,D0009-RMST5
329,D0009-RMST6
330,D0009-RMST7
331,D0009-RMST8
332,D0009-RMST9
333,D0009-RMST10
334,D0009-RPSF1
335,D0009-RPSF3
336,D0009-RPSF5
337,D0009-RPSF7
338,D0009-RPSF9
339,D0015-RASF8
340,D0015-RASF9
341,D0015-RASF10
342,D0015-LAMF1
343,D0015-LAMF2
344,D0015-LAMF3
345,D0015-LAMF4
346,D0015-LAMF5
347,D0015-LAMF6
348,D0015-LAMF7
349,D0015-LAMF8
350,D0015-LAMF9
351,D0015-LAMF10
352,D0015-LMMF1
353,D0015-LMMF2
354,D0015-LMMF3
355,D0015-LMMF4
356,D0015-LMMF5
357,D0015-LMMF6
358,D0015-LMMF7
359,D0015-LMMF8
360,D0015-LMMF9
361,D0015-LMMF10
362,D0015-LPIF1
363,D0015-LPIF2
364,D0015-LPIF3
365,D0015-LPIF4
366,D0015-LPIF5
367,D0015-LPIF6
368,D0015-LPIF7
369,D0015-LPIF8
370,D0015-LPIF9
371,D0015-LPIF10
372,D0015-LMST1
373,D0015-LMST2
374,D0015-LMST3
375,D0015-LMST4
376,D0015-LMST5
377,D0015-LMST6
378,D0015-LMST7
379,D0015-LMST8
380,D0015-LMST9
381,D0015-LMST10
382,D0015-LPST1
383,D0015-LPST2
384,D0015-LPST3
385,D0015-LPST4
386,D0015-LPST5
387,D0015-LPST6
388,D0015-LPST7
389,D0015-LPST8
390,D0015-LPST9
391,D0015-LPST10
392,D0015-LAMT1
393,D0015-LAMT2
394,D0015-LAMT4
395,D0015-LAMT5
396,D0015-LAMT6
397,D0015-LAMT7
398,D0015-LAMT8
399,D0015-LAMT9
400,D0015-LPIT2
401,D0015-LAIT1
402,D0016-LTG34
403,D0016-LTG35
404,D0016-LTG36
405,D0016-LTG37
406,D0016-LTG38
407,D0016-LTG39
408,D0016-LTG40
409,D0016-LTG42
410,D0016-LTG43
411,D0016-LTG44
412,D0016-LTG45
413,D0016-LTG46
414,D0016-LTG47
415,D0016-LTG48
416,D0016-LTG52
417,D0016-LTG53
418,D0016-LTG54
419,D0016-LTG55
420,D0016-LTG56
421,D0016-LTG60
422,D0016-LTG61
423,D0016-LTG62
424,D0016-LTG63
425,D0016-LPST1
426,D0016-LPST2
427,D0016-LPST3
428,D0016-LPST4
429,D0016-LPST5
430,D0016-LPST6
431,D0017-RASF1
432,D0017-RASF2
433,D0017-RASF3
434,D0017-RASF4
435,D0017-RASF5
436,D0017-RASF6
437,D0017-RASF7
438,D0017-RASF8
439,D0017-RASF9
440,D0017-RASF10
441,D0017-RASF11
442,D0017-RASF12
443,D0017-RMSF1
444,D0017-RMSF2
445,D0017-RMSF3
446,D0017-RMSF4
447,D0017-RMSF5
448,D0017-RMSF6
449,D0017-RMSF7
450,D0017-RMSF8
451,D0017-RPSF1
452,D0017-RPSF2
453,D0017-RPSF3
454,D0017-RPSF4
455,D0017-RPSF5
456,D0017-RPSF6
457,D0017-RPSF7
458,D0017-RPSF8
459,D0017-RPSF9
460,D0017-RPSF10
461,D0017-RAMF1
462,D0017-RAMF2
463,D0017-RAMF3
464,D0017-RAMF4
465,D0017-RAMF5
466,D0017-RAMF6
467,D0017-RAMF7
468,D0017-RAMF8
469,D0017-RPMF1
470,D0017-RPMF2
471,D0017-RPMF3
472,D0017-RPMF4
473,D0017-RPMF5
474,D0017-RPMF6
475,D0017-RPMF7
476,D0017-RPMF8
477,D0017-RPMF9
478,D0017-RPMF10
479,D0017-RAIF1
480,D0017-RAIF2
481,D0017-RAIF3
482,D0017-RAIF4
483,D0017-RAIF5
484,D0017-RAIF6
485,D0017-RAIF7
486,D0017-RAIF8
487,D0017-RAIF9
488,D0017-RAIF10
489,D0017-RMIF1
490,D0017-RMIF2
491,D0017-RMIF3
492,D0017-RMIF4
493,D0017-RMIF5
494,D0017-RMIF6
495,D0017-RMIF7
496,D0017-RMIF8
497,D0017-RMIF9
498,D0017-RMIF10
499,D0017-RPIF1
500,D0017-RPIF2
501,D0017-RPIF3
502,D0017-RPIF4
503,D0017-RPIF5
504,D0017-RPIF6
505,D0017-RPIF7
506,D0017-RPIF8
507,D0017-RPIF9
508,D0017-RPIF10
509,D0017-LASF1
510,D0017-LASF2
511,D0017-LASF3
512,D0017-LASF4
513,D0017-LASF5
514,D0017-LASF6
515,D0017-LASF7
516,D0017-LASF8
517,D0017-LASF9
518,D0017-LASF10
519,D0017-LASF11
520,D0017-LASF12
521,D0017-LMSF1
522,D0017-LMSF2
523,D0017-LMSF3
524,D0017-LMSF4
525,D0017-LMSF5
526,D0017-LMSF6
527,D0017-LMSF7
528,D0017-LMSF8
529,D0017-LPSF1
530,D0017-LPSF2
531,D0017-LPSF3
532,D0017-LPSF4
533,D0017-LPSF5
534,D0017-LPSF6
535,D0017-LPSF7
536,D0017-LPSF8
537,D0017-LMMF1
538,D0017-LMMF2
539,D0017-LMMF3
540,D0017-LMMF4
541,D0017-LMMF5
542,D0017-LMMF6
543,D0017-LMMF7
544,D0017-LMMF8
545,D0018-LAMF1
546,D0018-LAMF2
547,D0018-LAMF3
548,D0018-LAMF5
549,D0018-LAMF7
550,D0018-LAMF8
551,D0018-LAMF9
552,D0018-LASF1
553,D0018-LASF2
554,D0018-LASF3
555,D0018-LASF4
556,D0018-LASF5
557,D0018-LASF6
558,D0018-LASF7
559,D0018-LASF8
560,D0018-LASF9
561,D0018-LASF10
562,D0018-LASF11
563,D0018-LASF12
564,D0018-LAST1
565,D0018-LAST2
566,D0018-LAST3
567,D0018-LAST4
568,D0018-LAST5
569,D0018-LAST6
570,D0018-LAST7
571,D0018-LAST8
572,D0018-LAST10
573,D0018-LMSF1
574,D0018-LMSF2
575,D0018-LMSF3
576,D0018-LMSF4
577,D0018-LMSF5
578,D0018-LMSF6
579,D0018-LMSF7
580,D0018-LMSF8
581,D0018-LPIF1
582,D0018-LPIF2
583,D0018-LPIF3
584,D0018-LPIF4
585,D0018-LPIF5
586,D0018-LPIF6
587,D0018-LPIF7
588,D0018-LPIF8
589,D0018-LPIF9
590,D0018-LPIF10
591,D0018-LPMF1
592,D0018-LPMF2
593,D0018-LPMF3
594,D0018-LPMF4
595,D0018-LPMF5
596,D0018-LPMF6
597,D0018-LPMF7
598,D0018-LPMF8
599,D0018-LPMT1
600,D0018-LPMT2
601,D0018-LPMT3
602,D0018-LPMT4
603,D0018-LPMT5
604,D0018-LPMT6
605,D0018-LPMT7
606,D0018-LPMT8
607,D0018-LPMT9
608,D0018-LPMT10
609,D0018-LPSF1
610,D0018-LPSF2
611,D0018-LPSF3
612,D0018-LPSF4
613,D0018-LPSF5
614,D0018-LPSF6
615,D0018-LPSF7
616,D0018-LPSF8
617,D0018-LPSF9
618,D0018-LPSF10
619,D0018-RASF1
620,D0018-RASF3
621,D0018-RASF5
622,D0018-RASF7
623,D0018-RASF9
624,D0018-RASF11
625,D0018-RASF13
626,D0018-RAST1
627,D0018-RAST2
628,D0018-RAST3
629,D0018-RAST4
630,D0018-RAST5
631,D0018-RAST6
632,D0018-RAST7
633,D0018-RAST8
634,D0018-RAST9
635,D0018-RAST10
636,D0018-RMSF1
637,D0018-RMSF2
638,D0018-RMSF3
639,D0018-RMSF4
640,D0018-RMSF5
641,D0018-RMSF6
642,D0018-RMSF7
643,D0018-RMSF8
644,D0018-RPMT1
645,D0018-RPMT2
646,D0018-RPMT3
647,D0018-RPMT4
648,D0018-RPMT5
649,D0018-RPMT6
650,D0018-RPMT7
651,D0018-RPMT8
652,D0018-RPMT9
653,D0018-RPSF1
654,D0018-RPSF2
655,D0018-RPSF3
656,D0018-RPSF4
657,D0018-RPSF5
658,D0018-RPSF6
659,D0018-RPSF7
660,D0018-RPSF8
661,D0018-RPSF9
662,D0020-LAIF1
663,D0020-LAIF2
664,D0020-LAIF3
665,D0020-LAIF4
666,D0020-LAIF5
667,D0020-LAIF6
668,D0020-LAIF7
669,D0020-LAIF8
670,D0020-LAIF9
671,D0020-LAIF10
672,D0020-LAMF1
673,D0020-LAMF3
674,D0020-LAMF4
675,D0020-LAMF5
676,D0020-LAMF6
677,D0020-LAMF7
678,D0020-LAMF8
679,D0020-LAMF9
680,D0020-LAMF10
681,D0020-LAOF1
682,D0020-LAOF2
683,D0020-LAOF3
684,D0020-LAOF4
685,D0020-LAOF5
686,D0020-LAOF6
687,D0020-LAOF7
688,D0020-LAOF8
689,D0020-LAOF9
690,D0020-LASF1
691,D0020-LASF2
692,D0020-LASF3
693,D0020-LASF4
694,D0020-LASF6
695,D0020-LASF8
696,D0020-LASF9
697,D0020-LASF10
698,D0020-LMIF1
699,D0020-LMIF2
700,D0020-LMIF3
701,D0020-LMIF4
702,D0020-LMIF5
703,D0020-LMIF6
704,D0020-LMIF7
705,D0020-LMIF8
706,D0020-LMIF9
707,D0020-LMIF10
708,D0020-LMSF1
709,D0020-LMSF2
710,D0020-LMSF3
711,D0020-LMSF4
712,D0020-LMSF5
713,D0020-LMSF6
714,D0020-LMSF7
715,D0020-LMSF8
716,D0020-LMSF9
717,D0020-LMSF10
718,D0020-LPIF1
719,D0020-LPIF2
720,D0020-LPIF3
721,D0020-LPIF4
722,D0020-LPIF5
723,D0020-LPIF6
724,D0020-LPIF7
725,D0020-LPIF8
726,D0020-LPIF9
727,D0020-LPMF1
728,D0020-LPMF2
729,D0020-LPMF3
730,D0020-LPMF4
731,D0020-LPMF5
732,D0020-LPMF6
733,D0020-LPMF8
734,D0020-LPMF9
735,D0020-LPSF1
736,D0020-LPSF2
737,D0020-LPSF3
738,D0020-LPSF4
739,D0020-LPSF5
740,D0020-LPSF6
741,D0020-LPSF7
742,D0020-LPSF8
743,D0020-LPSF9
744,D0020-LPSF10
745,D0020-RAIF1
746,D0020-RAIF2
747,D0020-RAIF3
748,D0020-RAIF4
749,D0020-RAIF5
750,D0020-RAIF6
751,D0020-RMSF1
752,D0020-RMSF2
753,D0020-RMSF3
754,D0020-RMSF4
755,D0020-RMSF5
756,D0020-RMSF6
757,D0020-RMSF7
758,D0020-RMSF8
759,D0020-RMSF9
760,D0020-RMSF10
761,D0020-RPIF1
762,D0020-RPIF2
763,D0020-RPIF3
764,D0020-RPIF4
765,D0020-RPIF5
766,D0020-RPIF6
767,D0020-RPIF7
768,D0022-LMSF1
769,D0022-LMSF2
770,D0022-LMSF3
771,D0022-LMSF4
772,D0022-LMSF5
773,D0022-LMSF6
774,D0022-LMSF7
775,D0022-LMSF8
776,D0022-LMSF9
777,D0022-LAMF1
778,D0022-LAMF2
779,D0022-LAMF3
780,D0022-LAMF4
781,D0022-LAMF5
782,D0022-LAMF6
783,D0022-LMIF1
784,D0022-LMIF2
785,D0022-LMIF3
786,D0022-LMIF4
787,D0022-LMIF5
788,D0022-LMIF6
789,D0022-LMIF7
790,D0022-LPSF1
791,D0022-LPSF2
792,D0022-LPSF3
793,D0022-LPSF4
794,D0022-LPSF5
795,D0022-LPSF6
796,D0022-LPSF7
797,D0022-LPSF8
798,D0022-LPSF9
799,D0022-LPSF10
800,D0022-LPMF1
801,D0022-LPMF2
802,D0022-LPMF3
803,D0022-LPMF4
804,D0022-LPMF5
805,D0022-LPMF6
806,D0022-LPMF7
807,D0022-LPMF8
808,D0022-LPIF1
809,D0022-LPIF2
810,D0022-LPIF3
811,D0022-LPIF4
812,D0022-LPIF5
813,D0022-LPIF6
814,D0022-LPIF7
815,D0022-LPIF8
816,D0022-LPIF10
817,D0022-LASP1
818,D0022-LASP2
819,D0022-LASP3
820,D0022-LASP4
821,D0022-LASP5
822,D0022-LASP6
823,D0022-LASP7
824,D0022-LMSP1
825,D0022-LMSP2
826,D0022-LMSP3
827,D0022-LMSP4
828,D0022-LMSP5
829,D0022-LMSP6
830,D0022-LMSP7
831,D0022-LMSP8
832,D0022-LAMP1
833,D0022-LAMP2
834,D0022-LAMP3
835,D0022-LAMP4
836,D0022-LAMP5
837,D0022-LAMP6
838,D0022-LAMP7
839,D0022-LAMP8
840,D0022-LAIP1
841,D0022-LAIP3
842,D0022-LAIP4
843,D0022-LAIP5
844,D0022-LAIP6
845,D0022-LAIP7
846,D0022-LAIP8
847,D0023-RASF1
848,D0023-RASF2
849,D0023-RASF3
850,D0023-RASF4
851,D0023-RASF5
852,D0023-RASF6
853,D0023-RASF7
854,D0023-RASF8
855,D0023-RASF9
856,D0023-RASF10
857,D0023-RASF11
858,D0023-RASF12
859,D0023-RASF13
860,D0023-RASF14
861,D0023-RASF15
862,D0023-RASF16
863,D0023-RMSF1
864,D0023-RMSF2
865,D0023-RMSF3
866,D0023-RMSF4
867,D0023-RMSF5
868,D0023-RMSF6
869,D0023-RMSF7
870,D0023-RMSF8
871,D0023-RMSF9
872,D0023-RMSF10
873,D0023-RMSF12
874,D0023-RPSF1
875,D0023-RPSF2
876,D0023-RPSF3
877,D0023-RPSF4
878,D0023-RPSF5
879,D0023-RPSF6
880,D0023-RPSF7
881,D0023-RPSF8
882,D0023-RPSF9
883,D0023-RPSF10
884,D0023-RPSF11
885,D0023-RPSF12
886,D0023-RPSF13
887,D0023-RPSF14
888,D0023-RAMF8
889,D0023-RAMF9
890,D0023-RAMF10
891,D0023-RAMF11
892,D0023-RAMF12
893,D0023-RAMF13
894,D0023-RAMF14
895,D0023-R1MF1
896,D0023-R1MF2
897,D0023-R1MF3
898,D0023-R1MF9
899,D0023-R1MF11
900,D0023-R1MF12
901,D0023-R1MF13
902,D0023-R1MF14
903,D0023-R1MF15
904,D0023-R1MF16
905,D0023-R2MF1
906,D0023-R2MF2
907,D0023-R2MF3
908,D0023-R2MF4
909,D0023-R2MF5
910,D0023-R2MF6
911,D0023-R2MF7
912,D0023-R2MF8
913,D0023-R2MF9
914,D0023-R2MF10
915,D0023-R2MF11
916,D0023-R2MF12
917,D0023-R2MF13
918,D0023-R2MF14
919,D0023-R2MF16
920,D0023-RPMF1
921,D0023-RPMF2
922,D0023-RPMF3
923,D0023-RPMF4
924,D0023-RPMF5
925,D0023-RPMF6
926,D0023-RPMF7
927,D0023-RPMF8
928,D0023-RPMF9
929,D0023-RPMF10
930,D0023-RPMF11
931,D0023-RPMF12
932,D0023-RPMF13
933,D0023-RPMF14
934,D0023-RPMF15
935,D0023-RPMF16
936,D0023-RAIF1
937,D0023-RAIF2
938,D0023-RAIF3
939,D0023-RAIF9
940,D0023-RAIF10
941,D0023-RAIF11
942,D0023-RAIF12
943,D0023-RAIF13
944,D0023-RAIF14
945,D0023-R2IF1
946,D0023-R2IF2
947,D0023-R2IF3
948,D0023-R2IF4
949,D0023-R2IF5
950,D0023-R2IF6
951,D0023-R2IF7
952,D0023-R2IF8
953,D0023-R2IF9
954,D0023-R2IF10
955,D0023-RPIF1
956,D0023-RPIF2
957,D0023-RPIF3
958,D0023-RPIF4
959,D0023-RPIF5
960,D0023-RPIF7
961,D0023-RPIF8
962,D0023-RPIF9
963,D0023-RPIF10
964,D0024-LOF1
965,D0024-LOF2
966,D0024-LOF3
967,D0024-LOF4
968,D0024-LTG1
969,D0024-LTG2
970,D0024-LTG3
971,D0024-LTG4
972,D0024-LTG5
973,D0024-LTG6
974,D0024-LTG7
975,D0024-LTG8
976,D0024-LTG9
977,D0024-LTG10
978,D0024-LTG11
979,D0024-LTG12
980,D0024-LTG13
981,D0024-LTG14
982,D0024-LTG15
983,D0024-LTG16
984,D0024-LTG17
985,D0024-LTG20
986,D0024-LTG21
987,D0024-LTG22
988,D0024-LTG23
989,D0024-LTG24
990,D0024-LTG27
991,D0024-LTG28
992,D0024-LTG29
993,D0024-LTG30
994,D0024-LTG31
995,D0024-LTG32
996,D0024-LAST2
997,D0024-LAST4
998,D0024-LMST3
999,D0024-LPST1
1000,D0024-LPST2
1001,D0024-LPST3
1002,D0026-RTG20
1003,D0026-RTG22
1004,D0026-RTG23
1005,D0026-RTG24
1006,D0026-RTG27
1007,D0026-RTG28
1008,D0026-RTG30
1009,D0026-RTG31
1010,D0026-RTG32
1011,D0026-RTG35
1012,D0026-RTG36
1013,D0026-RTG37
1014,D0026-RTG38
1015,D0026-RTG39
1016,D0026-RTG40
1017,D0026-RTG43
1018,D0026-RTG44
1019,D0026-RTG45
1020,D0026-RTG46
1021,D0026-RTG47
1022,D0026-RTG48
1023,D0026-RPG17
1024,D0026-RPG18
1025,D0026-RPG19
1026,D0026-RPG20
1027,D0026-RPG21
1028,D0026-RPG22
1029,D0026-RPG23
1030,D0026-RPG24
1031,D0026-RPG25
1032,D0026-RPG26
1033,D0026-RPG27
1034,D0026-RPG28
1035,D0026-RPG29
1036,D0026-RPG31
1037,D0026-RPG32
1038,D0026-RPG33
1039,D0026-RPG34
1040,D0026-RPG35
1041,D0026-RPG36
1042,D0026-RPG37
1043,D0026-RPG38
1044,D0026-RPG40
1045,D0026-RPST1
1046,D0026-RPST2
1047,D0027-LMMT1
1048,D0027-LMMT2
1049,D0027-LMMT3
1050,D0027-LMMT4
1051,D0027-LMMT5
1052,D0027-LMMT6
1053,D0027-LMMT7
1054,D0027-LMMT8
1055,D0027-LMMT9
1056,D0027-LPMT1
1057,D0027-LPMT2
1058,D0027-LPMT3
1059,D0027-LPMT4
1060,D0027-LPMT5
1061,D0027-LPMT6
1062,D0027-LPMT7
1063,D0027-LPMT9
1064,D0027-LPMT10
1065,D0027-LMST1
1066,D0027-LMST2
1067,D0027-LMST3
1068,D0027-LMST4
1069,D0027-LMST5
1070,D0027-LMST6
1071,D0027-LMST7
1072,D0027-LMST8
1073,D0027-LPST1
1074,D0027-LPST2
1075,D0027-LPST3
1076,D0027-LPST4
1077,D0027-LPST5
1078,D0027-LPST6
1079,D0027-LPST7
1080,D0027-LPST8
1081,D0027-LPST9
1082,D0027-LPST10
1083,D0027-LAIF1
1084,D0027-LAIF2
1085,D0027-LAIF3
1086,D0027-LAIF4
1087,D0027-LAIF5
1088,D0027-LAIF6
1089,D0027-LAIF7
1090,D0027-LAIF8
1091,D0027-LAIF9
1092,D0027-LAMF1
1093,D0027-LAMF2
1094,D0027-LAMF3
1095,D0027-LAMF4
1096,D0027-LAMF5
1097,D0027-LAMF6
1098,D0027-LAMF7
1099,D0027-LAMF8
1100,D0027-LAMF9
1101,D0027-LAMF10
1102,D0027-LPIF1
1103,D0027-LPIF2
1104,D0027-LPIF4
1105,D0027-LPIF5
1106,D0027-LPIF6
1107,D0027-LPIF7
1108,D0027-LPIF8
1109,D0027-LPIF9
1110,D0027-LPIF10
1111,D0027-LMSF1
1112,D0027-LMSF2
1113,D0027-LMSF3
1114,D0027-LMSF4
1115,D0027-LMSF5
1116,D0027-LMSF6
1117,D0027-LMSF7
1118,D0027-LMSF8
1119,D0027-LPSF1
1120,D0027-LPSF2
1121,D0027-LPSF3
1122,D0027-LPSF4
1123,D0027-LPSF5
1124,D0027-LPSF6
1125,D0027-LPSF7
1126,D0027-LPSF8
1127,D0027-LAI1
1128,D0027-LAI2
1129,D0027-LAI3
1130,D0027-LAI4
1131,D0027-LAI5
1132,D0027-LAI6
1133,D0027-LAI7
1134,D0027-LAI8
1135,D0027-LAI9
1136,D0027-LPI1
1137,D0027-LPI2
1138,D0027-LPI3
1139,D0027-LPI4
1140,D0027-LPI5
1141,D0027-LPI6
1142,D0027-LPI7
1143,D0027-LPI8
1144,D0027-LPI9
1145,D0027-LPI10
1146,D0028-LPMT4
1147,D0028-LPMT5
1148,D0028-LMST1
1149,D0028-LMST2
1150,D0028-LMST3
1151,D0028-LPST2
1152,D0028-LPST3
1153,D0028-LPST4
1154,D0028-LAIO1
1155,D0028-LAIO2
1156,D0028-LAIO3
1157,D0028-LAIO4
1158,D0028-LAIO5
1159,D0028-LPIO1
1160,D0028-LPIO2
1161,D0028-LPIO4
1162,D0028-LPIO5
1163,D0028-LPIO6
1164,D0028-LPIO7
1165,D0028-LAMO1
1166,D0028-LAMO2
1167,D0028-LAMO3
1168,D0028-LAMO4
1169,D0028-LAMO5
1170,D0028-LAMO6
1171,D0028-LAMO7
1172,D0028-LAMO8
1173,D0028-LAIF1
1174,D0028-LAIF2
1175,D0028-LAIF3
1176,D0028-LAIF4
1177,D0028-LAIF5
1178,D0028-LAIF6
1179,D0028-LAIF7
1180,D0028-LAMF1
1181,D0028-LAMF2
1182,D0028-LAMF3
1183,D0028-LAMF4
1184,D0028-LAMF5
1185,D0028-LAMF6
1186,D0028-LAMF7
1187,D0028-LAMF8
1188,D0028-LPMF1
1189,D0028-LPMF2
1190,D0028-LPMF3
1191,D0028-LPMF4
1192,D0028-LPMF5
1193,D0028-LPMF6
1194,D0028-LPMF7
1195,D0028-LPMF8
1196,D0028-LPMF9
1197,D0028-LPMF10
1198,D0028-LAI1
1199,D0028-LAI2
1200,D0028-LAI3
1201,D0028-LAI4
1202,D0028-LAI5
1203,D0028-LAI6
1204,D0028-LAI7
1205,D0028-LAI8
1206,D0028-LAI9
1207,D0028-LPI1
1208,D0028-LPI2
1209,D0028-LPI3
1210,D0028-LPI4
1211,D0028-LPI5
1212,D0028-LPI6
1213,D0028-LPI7
1214,D0028-LPI8
1215,D0028-LPI9
1216,D0029-LASF1
1217,D0029-LASF2
1218,D0029-LASF3
1219,D0029-LASF4
1220,D0029-LASF5
1221,D0029-LASF6
1222,D0029-LASF7
1223,D0029-LASF9
1224,D0029-LASF10
1225,D0029-LMSF1
1226,D0029-LMSF2
1227,D0029-LMSF3
1228,D0029-LMSF4
1229,D0029-LMSF5
1230,D0029-LMSF6
1231,D0029-LMSF7
1232,D0029-LMSF8
1233,D0029-LPSF1
1234,D0029-LPSF2
1235,D0029-LPSF3
1236,D0029-LPSF4
1237,D0029-LPSF5
1238,D0029-LPSF6
1239,D0029-LPSF7
1240,D0029-LPSF8
1241,D0029-LPSF9
1242,D0029-LMMF1
1243,D0029-LMMF2
1244,D0029-LMMF3
1245,D0029-LMMF4
1246,D0029-LMMF5
1247,D0029-LMMF6
1248,D0029-LMMF7
1249,D0029-LMMF8
1250,D0029-LMMF9
1251,D0029-LPMF1
1252,D0029-LPMF2
1253,D0029-LPMF3
1254,D0029-LPMF4
1255,D0029-LPMF5
1256,D0029-LPMF6
1257,D0029-LPMF7
1258,D0029-LPMF8
1259,D0029-LPMF9
1260,D0029-LASP1
1261,D0029-LASP2
1262,D0029-LASP3
1263,D0029-LASP4
1264,D0029-LASP5
1265,D0029-LASP6
1266,D0029-LASP7
1267,D0029-LASP8
1268,D0029-LASP9
1269,D0029-LASP10
1270,D0029-LAIP1
1271,D0029-LAIP2
1272,D0029-LAIP3
1273,D0029-LAIP4
1274,D0029-LAIP5
1275,D0029-LAIP6
1276,D0029-LAIP7
1277,D0029-LAIP8
1278,D0029-LAIP9
1279,D0029-RASF1
1280,D0029-RASF2
1281,D0029-RASF3
1282,D0029-RASF4
1283,D0029-RASF5
1284,D0029-RASF6
1285,D0029-RASF7
1286,D0029-RASF8
1287,D0029-RASF9
1288,D0029-RMSF1
1289,D0029-RMSF2
1290,D0029-RMSF3
1291,D0029-RMSF4
1292,D0029-RMSF5
1293,D0029-RMSF6
1294,D0029-RMSF7
1295,D0029-RMSF8
1296,D0029-RMSF9
1297,D0029-RMSF10
1298,D0029-RPSF1
1299,D0029-RPSF2
1300,D0029-RPSF3
1301,D0029-RPSF4
1302,D0029-RPSF5
1303,D0029-RPSF6
1304,D0029-RPSF7
1305,D0029-RPSF8
1306,D0029-RMMF1
1307,D0029-RMMF2
1308,D0029-RMMF3
1309,D0029-RMMF4
1310,D0029-RMMF5
1311,D0029-RMMF6
1312,D0029-RMMF7
1313,D0029-RMMF8
1314,D0029-RMMF9
1315,D0029-RPMF1
1316,D0029-RPMF2
1317,D0029-RPMF3
1318,D0029-RPMF4
1319,D0029-RPMF5
1320,D0029-RPMF6
1321,D0029-RPMF7
1322,D0029-RPMF9
1323,D0029-RASP1
1324,D0029-RASP2
1325,D0029-RASP3
1326,D0029-RASP4
1327,D0029-RASP5
1328,D0029-RASP6
1329,D0029-RASP7
1330,D0029-RASP8
1331,D0029-RASP9
1332,D0029-RASP10
1333,D0029-RAIP1
1334,D0029-RAIP2
1335,D0029-RAIP3
1336,D0029-RAIP4
1337,D0029-RAIP5
1338,D0029-RAIP6
1339,D0029-RAIP8
1340,D0029-RAIP9
1341,D0031-LASF1
1342,D0031-LASF2
1343,D0031-LASF3
1344,D0031-LASF4
1345,D0031-LASF5
1346,D0031-LASF6
1347,D0031-LASF7
1348,D0031-LASF8
1349,D0031-LASF9
1350,D0031-LMSF1
1351,D0031-LMSF2
1352,D0031-LMSF3
1353,D0031-LMSF4
1354,D0031-LMSF5
1355,D0031-LMSF6
1356,D0031-LMSF7
1357,D0031-LMSF8
1358,D0031-LMSF9
1359,D0031-LPSF1
1360,D0031-LPSF2
1361,D0031-LPSF3
1362,D0031-LPSF4
1363,D0031-LPSF5
1364,D0031-LPSF6
1365,D0031-LPSF7
1366,D0031-LPSF8
1367,D0031-LPSF9
1368,D0031-LMMF1
1369,D0031-LMMF2
1370,D0031-LMMF3
1371,D0031-LMMF4
1372,D0031-LMMF5
1373,D0031-LMMF6
1374,D0031-LMMF7
1375,D0031-LPMF1
1376,D0031-LPMF2
1377,D0031-LPMF3
1378,D0031-LPMF4
1379,D0031-LPMF5
1380,D0031-LPMF6
1381,D0031-LPMF7
1382,D0031-LPMF8
1383,D0031-LAIF1
1384,D0031-LAIF2
1385,D0031-LAIF3
1386,D0031-LAIF4
1387,D0031-LAIF5
1388,D0031-LAIF6
1389,D0031-LAIF7
1390,D0031-LAIF8
1391,D0031-LAIF9
1392,D0031-LSP1
1393,D0031-LSP2
1394,D0031-LSP3
1395,D0031-LSP4
1396,D0031-LSP5
1397,D0031-LSP6
1398,D0031-LSP7
1399,D0031-LSP8
1400,D0031-LSP9
1401,D0031-LIP1
1402,D0031-LIP2
1403,D0031-LIP3
1404,D0031-LIP4
1405,D0031-LIP5
1406,D0031-LIP6
1407,D0031-LIP7
1408,D0031-LIP8
1409,D0031-RASF1
1410,D0031-RASF2
1411,D0031-RASF3
1412,D0031-RASF4
1413,D0031-RASF5
1414,D0031-RASF6
1415,D0031-RASF7
1416,D0031-RASF8
1417,D0031-RASF9
1418,D0031-RASF10
1419,D0031-RMSF1
1420,D0031-RMSF2
1421,D0031-RMSF3
1422,D0031-RMSF4
1423,D0031-RMSF5
1424,D0031-RMSF6
1425,D0031-RMSF7
1426,D0031-RMSF8
1427,D0031-RMSF9
1428,D0031-RPSF1
1429,D0031-RPSF2
1430,D0031-RPSF3
1431,D0031-RPSF4
1432,D0031-RPSF5
1433,D0031-RPSF6
1434,D0031-RPSF7
1435,D0031-RPSF8
1436,D0031-RPSF9
1437,D0031-RMMF1
1438,D0031-RMMF2
1439,D0031-RMMF3
1440,D0031-RMMF4
1441,D0031-RMMF5
1442,D0031-RMMF6
1443,D0031-RMMF7
1444,D0031-RMMF8
1445,D0031-RPMF1
1446,D0031-RPMF2
1447,D0031-RPMF3
1448,D0031-RPMF4
1449,D0031-RPMF5
1450,D0031-RPMF6
1451,D0031-RPMF7
1452,D0031-RPMF8
1453,D0031-RPMF9
1454,D0031-RAIF1
1455,D0031-RAIF2
1456,D0031-RAIF3
1457,D0031-RAIF4
1458,D0031-RAIF5
1459,D0031-RAIF6
1460,D0031-RAIF7
1461,D0031-RAIF8
1462,D0031-RAIF9
1463,D0031-RSP1
1464,D0031-RSP2
1465,D0031-RSP3
1466,D0031-RSP4
1467,D0031-RSP5
1468,D0031-RSP6
1469,D0031-RSP7
1470,D0031-RSP10
1471,D0031-RIP1
1472,D0031-RIP2
1473,D0031-RIP3
1474,D0031-RIP4
1475,D0031-RIP5
1476,D0031-RIP6
1477,D0031-RIP7
1478,D0031-RIP8
1479,D0053-LOF1
1480,D0053-LOF2
1481,D0053-LOF3
1482,D0053-LOF4
1483,D0053-LOF5
1484,D0053-LOF6
1485,D0053-LOF7
1486,D0053-LOF8
1487,D0053-LOF9
1488,D0053-LAIF1
1489,D0053-LAIF2
1490,D0053-LAIF3
1491,D0053-LAIF4
1492,D0053-LAIF5
1493,D0053-LAIF6
1494,D0053-LAIF7
1495,D0053-LAIF8
1496,D0053-LAIF9
1497,D0053-LAIF10
1498,D0053-LAIF11
1499,D0053-LAIF12
1500,D0053-LAIF13
1501,D0053-LAIF14
1502,D0053-LPIF1
1503,D0053-LPIF2
1504,D0053-LPIF3
1505,D0053-LPIF4
1506,D0053-LPIF5
1507,D0053-LPIF6
1508,D0053-LPIF7
1509,D0053-LPIF8
1510,D0053-LPIF9
1511,D0053-LPIF10
1512,D0053-LPIF11
1513,D0053-LPIF12
1514,D0053-LPIF13
1515,D0053-LPIF14
1516,D0053-LPIF15
1517,D0053-LPIF16
1518,D0053-LPI1
1519,D0053-LPI2
1520,D0053-LPI3
1521,D0053-LPI4
1522,D0053-LPI5
1523,D0053-LPI6
1524,D0053-LPI7
1525,D0053-LPI8
1526,D0053-LPI9
1527,D0053-LPI10
1528,D0053-LPI11
1529,D0053-LPI12
1530,D0053-LPI13
1531,D0053-LPI14
1532,D0053-LPI15
1533,D0053-LPI16
1534,D0053-ROF2
1535,D0053-ROF3
1536,D0053-ROF4
1537,D0053-ROF5
1538,D0053-ROF6
1539,D0053-ROF7
1540,D0053-ROF8
1541,D0053-ROF9
1542,D0053-ROF10
1543,D0053-ROF11
1544,D0053-ROF12
1545,D0053-ROF13
1546,D0053-ROF14
1547,D0053-RAIF1
1548,D0053-RAIF2
1549,D0053-RAIF3
1550,D0053-RAIF4
1551,D0053-RAIF5
1552,D0053-RAIF6
1553,D0053-RAIF7
1554,D0053-RAIF8
1555,D0053-RAIF9
1556,D0053-RAIF10
1557,D0053-RAIF11
1558,D0053-RAIF12
1559,D0053-RAIF13
1560,D0053-RAIF14
1561,D0053-RPIF3
1562,D0053-RPIF4
1563,D0053-RPIF5
1564,D0053-RPIF6
1565,D0053-RPIF7
1566,D0053-RPIF8
1567,D0053-RPIF9
1568,D0053-RPIF10
1569,D0053-RPIF11
1570,D0053-RPIF12
1571,D0053-RPIF13
1572,D0053-RPIF14
1573,D0053-RPIF15
1574,D0053-RPI1
1575,D0053-RPI2
1576,D0053-RPI3
1577,D0053-RPI4
1578,D0053-RPI5
1579,D0053-RPI7
1580,D0053-RPI8
1581,D0053-RPI9
1582,D0053-RPI10
1583,D0053-RPI11
1584,D0053-RPI12
1585,D0053-RPI13
1586,D0053-RPI14
1587,D0053-RPI15
1588,D0053-RPI16
1589,D0053-RPMT5
1590,D0053-RPMT6
1591,D0053-RPMT7
1592,D0053-RPMT8
1593,D0053-RPMT9
1594,D0053-RPMT10
1595,D0053-RPMT11
1596,D0053-RPMT12
1597,D0053-RPMT13
1598,D0053-RPMT14
1599,D0053-RPMT15
1600,D0053-RPMT16
1601,D0057-RAI1
1602,D0057-RAI2
1603,D0057-RAI3
1604,D0057-RAI4
1605,D0057-RAI5
1606,D0057-RAI6
1607,D0057-RAI7
1608,D0057-RAI8
1609,D0057-RAI9
1610,D0057-RAI10
1611,D0057-RAI11
1612,D0057-RAI13
1613,D0057-RAI14
1614,D0057-RAI15
1615,D0057-RPI1
1616,D0057-RPI2
1617,D0057-RPI3
1618,D0057-RPI4
1619,D0057-RPI5
1620,D0057-RPI6
1621,D0057-RPI7
1622,D0057-RPI8
1623,D0057-RPI9
1624,D0057-RPI10
1625,D0057-RPI11
1626,D0057-RPI12
1627,D0057-RPI13
1628,D0057-RPI14
1629,D0057-RPI15
1630,D0057-RPI16
1631,D0057-RAIF1
1632,D0057-RAIF2
1633,D0057-RAIF3
1634,D0057-RAIF4
1635,D0057-RAIF5
1636,D0057-RAIF6
1637,D0057-RAIF7
1638,D0057-RAIF8
1639,D0057-RAIF9
1640,D0057-RAIF10
1641,D0057-RAIF11
1642,D0057-RAIF12
1643,D0057-RAIF13
1644,D0057-RAIF14
1645,D0057-RAMF1
1646,D0057-RAMF2
1647,D0057-RAMF3
1648,D0057-RAMF4
1649,D0057-RAMF5
1650,D0057-RAMF6
1651,D0057-RAMF7
1652,D0057-RAMF8
1653,D0057-RAMF9
1654,D0057-RAMF10
1655,D0057-RAMF11
1656,D0057-RAMF12
1657,D0057-RAMF13
1658,D0057-RAMF14
1659,D0057-RMMF1
1660,D0057-RMMF2
1661,D0057-RMMF3
1662,D0057-RMMF14
1663,D0057-RMMF15
1664,D0057-RMMF16
1665,D0057-RPIP1
1666,D0057-RPIP2
1667,D0057-RPIP3
1668,D0057-RPIP4
1669,D0057-RPIP5
1670,D0057-RPIP6
1671,D0057-RPIP7
1672,D0057-RPIP8
1673,D0057-RPIP9
1674,D0057-RPIP10
1675,D0057-RPIP11
1676,D0057-RPIP12
1677,D0057-RPIP13
1678,D0057-RPIP14
1679,D0057-RAST1
1680,D0057-RAST2
1681,D0057-RAST3
1682,D0057-RAST4
1683,D0057-RAST5
1684,D0057-RAST6
1685,D0057-RAST7
1686,D0057-RAST8
1687,D0057-RMMT1
1688,D0057-RMMT2
1689,D0057-RMMT3
1690,D0057-RMMT4
1691,D0057-RMMT5
1692,D0057-RMMT6
1693,D0057-RMMT7
1694,D0057-RMMT8
1695,D0057-RMMT9
1696,D0057-RMMT10
1697,D0057-RMMT11
1698,D0057-RMMT12
1699,D0057-RPMT1
1700,D0057-RPMT2
1701,D0057-RPMT3
1702,D0057-RPMT4
1703,D0057-RPMT5
1704,D0057-RPMT6
1705,D0057-RPMT7
1706,D0057-RPMT8
1707,D0057-RPMT9
1708,D0057-RPMT10
1709,D0057-RPIT1
1710,D0057-RPIT2
1711,D0057-RPIT3
1712,D0057-RPIT5
1713,D0057-RPIT6
1714,D0057-RPIT7
1715,D0057-RPIT8
1716,D0057-RPIT9
1717,D0057-RPIT10
1718,D0057-RPIT11
1719,D0057-RPIT12
1720,D0059-LMSF1
1721,D0059-LMSF2
1722,D0059-LMSF3
1723,D0059-LMSF4
1724,D0059-LMSF5
1725,D0059-LMSF6
1726,D0059-LMSF8
1727,D0059-LMSF9
1728,D0059-LMSF10
1729,D0059-LMSF11
1730,D0059-LMSF12
1731,D0059-LMSF13
1732,D0059-LMSF14
1733,D0059-LMSF15
1734,D0059-LMSF16
1735,D0059-LMMF1
1736,D0059-LMMF2
1737,D0059-LMMF3
1738,D0059-LMMF4
1739,D0059-LMMF5
1740,D0059-LMMF6
1741,D0059-LMMF7
1742,D0059-LMMF8
1743,D0059-LMMF9
1744,D0059-LMMF10
1745,D0059-LMMF11
1746,D0059-LMMF12
1747,D0059-LPSF1
1748,D0059-LPSF2
1749,D0059-LPSF3
1750,D0059-LPSF4
1751,D0059-LPSF5
1752,D0059-LPSF6
1753,D0059-LPSF7
1754,D0059-LPSF8
1755,D0059-LPSF9
1756,D0059-LPSF10
1757,D0059-LPSF11
1758,D0059-LPSF12
1759,D0059-LPSF13
1760,D0059-LPSF14
1761,D0059-LPSF15
1762,D0059-LPSF16
1763,D0059-LMPF1
1764,D0059-LMPF2
1765,D0059-LMPF3
1766,D0059-LMPF4
1767,D0059-LMPF5
1768,D0059-LMPF6
1769,D0059-LMPF7
1770,D0059-LMPF8
1771,D0059-LMPF9
1772,D0059-LMPF10
1773,D0059-LMPF11
1774,D0059-LMPF12
1775,D0059-LMPF13
1776,D0059-LPIF6
1777,D0059-LPIF7
1778,D0059-LPIF9
1779,D0059-LASP3
1780,D0059-LASP4
1781,D0059-LASP10
1782,D0059-LASP11
1783,D0059-LASP12
1784,D0059-LASP13
1785,D0059-LASP14
1786,D0059-LASP15
1787,D0059-LASP16
1788,D0059-LAIP15
1789,D0059-LAT1
1790,D0059-LAT2
1791,D0059-LAT3
1792,D0059-LMMT2
1793,D0059-LMPT1
1794,D0059-LMPT2
1795,D0059-LMPT3
1796,D0059-LMPT10
1797,D0059-LMPT11
1798,D0059-LPT1
1799,D0059-LPT2
1800,D0059-LPT3
1801,D0059-LPT4
1802,D0059-LPT15
1803,D0059-LPT16
1804,D0060-LASF1
1805,D0060-LASF2
1806,D0060-LASF3
1807,D0060-LASF4
1808,D0060-LASF5
1809,D0060-LASF6
1810,D0060-LASF7
1811,D0060-LASF8
1812,D0060-LASF9
1813,D0060-LASF10
1814,D0060-LASF11
1815,D0060-LASF12
1816,D0060-LASF13
1817,D0060-LASF14
1818,D0060-LASF15
1819,D0060-LASF16
1820,D0060-LPIF1
1821,D0060-LPIF2
1822,D0060-LPIF3
1823,D0060-LPIF4
1824,D0060-LPIF5
1825,D0060-LPIF6
1826,D0060-LPIF11
1827,D0060-LPIF12
1828,D0060-LPIF13
1829,D0060-LPIF14
1830,D0060-LPIF15
1831,D0060-LPIF16
1832,D0060-LPIP1
1833,D0060-LPIP2
1834,D0060-LPIP3
1835,D0060-LPIP4
1836,D0060-LPIP9
1837,D0060-LPIP10
1838,D0060-LPIP11
1839,D0060-LPIP12
1840,D0060-LPIP13
1841,D0060-LPIP14
1842,D0060-LPIP15
1843,D0060-LPIP16
1844,D0060-LI1
1845,D0060-LI2
1846,D0060-LI3
1847,D0060-LI4
1848,D0060-LI5
1849,D0060-LI6
1850,D0060-LI7
1851,D0060-LI8
1852,D0060-LI9
1853,D0060-LI10
1854,D0060-LI11
1855,D0060-LI12
1856,D0060-LI13
1857,D0060-LI14
1858,D0060-LI15
1859,D0060-LI16
1860,D0060-LPST1
1861,D0060-LPST2
1862,D0060-LPST3
1863,D0060-LPST4
1864,D0060-LPST5
1865,D0060-LPST6
1866,D0060-LPST7
1867,D0060-LPST8
1868,D0060-LMMT1
1869,D0060-LMMT2
1870,D0060-LMMT3
1871,D0060-LMMT4
1872,D0060-LMMT5
1873,D0060-LMMT6
1874,D0060-LMMT7
1875,D0060-LMMT8
1876,D0060-LMMT9
1877,D0060-LMMT10
1878,D0060-LMMT11
1879,D0060-LMMT12
1880,D0060-LMMT13
1881,D0060-LMMT14
1882,D0060-LPMT1
1883,D0060-LPMT2
1884,D0060-LPMT3
1885,D0060-LPMT4
1886,D0060-LPMT5
1887,D0060-LPMT6
1888,D0060-LPMT7
1889,D0060-LPMT8
1890,D0060-LPMT9
1891,D0060-LPMT10
1892,D0060-LPMT11
1893,D0060-LPMT12
1894,D0060-LPMT13
1895,D0060-LPMT14
1896,D0060-LPIT1
1897,D0060-LPIT2
1898,D0060-LPIT3
1899,D0060-LPIT4
1900,D0060-LPIT5
1901,D0060-LPIT6
1902,D0060-LPIT7
1903,D0060-LPIT8
1904,D0060-LPIT9
1905,D0060-LPIT10
1906,D0060-LPIT11
1907,D0060-LPIT12
1908,D0060-LPIT13
1909,D0060-LPIT14
1910,D0060-RASF1
1911,D0060-RASF2
1912,D0060-RASF3
1913,D0060-RASF4
1914,D0060-RASF5
1915,D0060-RASF6
1916,D0060-RASF7
1917,D0060-RASF8
1918,D0060-RASF9
1919,D0060-RASF10
1920,D0060-RASF11
1921,D0060-RASF12
1922,D0060-RASF13
1923,D0060-RASF14
1924,D0060-RPIF1
1925,D0060-RPIF2
1926,D0060-RPIF3
1927,D0060-RPIF4
1928,D0060-RPIF9
1929,D0060-RPIF10
1930,D0060-RPIF11
1931,D0060-RPIF12
1932,D0060-RPIF14
1933,D0060-RPIF15
1934,D0060-RPIF16
1935,D0060-RPIP1
1936,D0060-RPIP2
1937,D0060-RPIP3
1938,D0060-RPIP4
1939,D0060-RPIP9
1940,D0060-RPIP10
1941,D0060-RPIP11
1942,D0060-RPIP12
1943,D0060-RPIP13
1944,D0060-RPIP14
1945,D0060-RPIP15
1946,D0060-RPIP16
1947,D0060-RI1
1948,D0060-RI2
1949,D0060-RI3
1950,D0060-RI4
1951,D0060-RI5
1952,D0060-RI6
1953,D0060-RI7
1954,D0060-RI8
1955,D0060-RI9
1956,D0060-RI10
1957,D0060-RI11
1958,D0060-RI12
1959,D0060-RI13
1960,D0060-RI14
1961,D0060-RI15
1962,D0060-RI16
1963,D0060-RPST1
1964,D0060-RPST2
1965,D0060-RPST3
1966,D0060-RPST4
1967,D0060-RPST5
1968,D0060-RPST6
1969,D0060-RPST7
1970,D0060-RPST8
1971,D0060-RPST9
1972,D0060-RPST10
1973,D0060-RMMT1
1974,D0060-RMMT2
1975,D0060-RMMT3
1976,D0060-RMMT4
1977,D0060-RMMT5
1978,D0060-RMMT6
1979,D0060-RMMT7
1980,D0060-RMMT8
1981,D0060-RMMT9
1982,D0060-RMMT10
1983,D0060-RMMT11
1984,D0060-RMMT12
1985,D0060-RMMT13
1986,D0060-RMMT14
1987,D0060-RPMT1
1988,D0060-RPMT2
1989,D0060-RPMT3
1990,D0060-RPMT4
1991,D0060-RPMT5
1992,D0060-RPMT6
1993,D0060-RPMT7
1994,D0060-RPMT8
1995,D0060-RPMT9
1996,D0060-RPMT10
1997,D0060-RPMT11
1998,D0060-RPMT12
1999,D0060-RPMT13
2000,D0060-RPMT14
2001,D0060-RPIT1
2002,D0060-RPIT2
2003,D0060-RPIT3
2004,D0060-RPIT4
2005,D0060-RPIT5
2006,D0060-RPIT6
2007,D0060-RPIT7
2008,D0060-RPIT8
2009,D0060-RPIT9
2010,D0060-RPIT10
2011,D0060-RPIT11
2012,D0060-RPIT12
2013,D0061-LAMF1
2014,D0061-LAMF2
2015,D0061-LAMF3
2016,D0061-LAMF4
2017,D0061-LAMF5
2018,D0061-LAMF6
2019,D0061-LAMF7
2020,D0061-LAMF8
2021,D0061-LAMF9
2022,D0061-LAMF10
2023,D0061-LAMF11
2024,D0061-LAMF12
2025,D0061-LMMF1
2026,D0061-LMMF2
2027,D0061-LMMF3
2028,D0061-LMMF4
2029,D0061-LMMF5
2030,D0061-LMMF6
2031,D0061-LMMF7
2032,D0061-LMMF8
2033,D0061-LMMF9
2034,D0061-LMMF10
2035,D0061-LMMF11
2036,D0061-LMMF12
2037,D0061-LMMF13
2038,D0061-LMMF14
2039,D0061-LPMF1
2040,D0061-LPMF2
2041,D0061-LPMF3
2042,D0061-LPMF4
2043,D0061-LPMF5
2044,D0061-LPMF6
2045,D0061-LPMF7
2046,D0061-LPMF8
2047,D0061-LPMF9
2048,D0061-LPMF10
2049,D0061-LPMF11
2050,D0061-LPMF12
2051,D0061-LPMF13
2052,D0061-LPMF14
2053,D0061-LPMF15
2054,D0061-LPMF16
2055,D0061-LAIF1
2056,D0061-LAIF2
2057,D0061-LAIF3
2058,D0061-LAIF4
2059,D0061-LAIF5
2060,D0061-LAIF6
2061,D0061-LAIF7
2062,D0061-LAIF8
2063,D0061-LAIF9
2064,D0061-LAIF10
2065,D0061-LAIF11
2066,D0061-LAIF12
2067,D0061-LAIF13
2068,D0061-LAIF14
2069,D0061-LAIF15
2070,D0061-LAIF16
2071,D0061-LPIF1
2072,D0061-LPIF2
2073,D0061-LPIF3
2074,D0061-LPIF4
2075,D0061-LPIF5
2076,D0061-LPIF6
2077,D0061-LPIF7
2078,D0061-LPIF8
2079,D0061-LPIF9
2080,D0061-LPIF10
2081,D0061-LPIF11
2082,D0061-LPIF12
2083,D0061-LPIF13
2084,D0061-LPIF14
2085,D0061-LPIF15
2086,D0061-LPIF16
2087,D0061-LAIP1
2088,D0061-LAIP2
2089,D0061-LAIP3
2090,D0061-LAIP4
2091,D0061-LAIP5
2092,D0061-LAIP6
2093,D0061-LAIP7
2094,D0061-LAIP8
2095,D0061-LAIP9
2096,D0061-LAIP10
2097,D0061-LAIP11
2098,D0061-LAIP12
2099,D0061-LAIP13
2100,D0061-LAIP14
2101,D0061-LAIP15
2102,D0061-LAIP16
2103,D0061-LOF1
2104,D0061-LOF2
2105,D0061-LOF3
2106,D0061-LOF4
2107,D0061-LOF5
2108,D0061-LOF6
2109,D0061-LOF7
2110,D0061-LOF8
2111,D0061-LOF9
2112,D0061-LOF10
2113,D0061-LOF11
2114,D0061-LOF12
2115,D0061-LOF13
2116,D0061-LOF14
2117,D0061-LOF15
2118,D0061-LOF16
2119,D0061-LAI1
2120,D0061-LAI2
2121,D0061-LAI3
2122,D0061-LAI4
2123,D0061-LAI5
2124,D0061-LAI6
2125,D0061-LAI7
2126,D0061-LAI8
2127,D0061-LAI9
2128,D0061-LAI10
2129,D0061-LAI11
2130,D0061-LAI12
2131,D0061-LAI13
2132,D0061-LAI14
2133,D0061-LAI15
2134,D0061-LAI16
2135,D0061-LPI1
2136,D0061-LPI2
2137,D0061-LPI3
2138,D0061-LPI4
2139,D0061-LPI5
2140,D0061-LPI6
2141,D0061-LPI8
2142,D0061-LPI9
2143,D0061-LPI10
2144,D0061-LPI11
2145,D0061-LPI12
2146,D0061-LPI13
2147,D0061-LPI14
2148,D0061-LPI15
2149,D0061-LPI16
2150,D0061-LPST1
2151,D0061-LPST2
2152,D0061-LPST3
2153,D0061-LPST4
2154,D0061-LPST5
2155,D0061-LPST6
2156,D0061-LPST7
2157,D0061-LPST8
2158,D0061-LPIT1
2159,D0061-LPIT2
2160,D0061-LPIT3
2161,D0061-LPIT4
2162,D0061-LPIT5
2163,D0061-LPIT6
2164,D0061-LPIT7
2165,D0061-LPIT8
2166,D0061-LPIT9
2167,D0061-LPIT10
2168,D0061-LPIT11
2169,D0061-LPIT12
2170,D0061-RPMF1
2171,D0061-RPMF2
2172,D0061-RPMF3
2173,D0061-RPMF4
2174,D0061-RPMF7
2175,D0061-RPMF8
2176,D0061-RPMF9
2177,D0061-RPMF10
2178,D0061-RPMF11
2179,D0061-RPMF12
2180,D0061-RPMF13
2181,D0061-RPMF14
2182,D0061-RPMF15
2183,D0061-RPMF16
2184,D0061-ROF1
2185,D0061-ROF2
2186,D0061-ROF3
2187,D0061-ROF4
2188,D0061-ROF5
2189,D0061-ROF6
2190,D0061-ROF7
2191,D0061-ROF8
2192,D0061-ROF9
2193,D0061-ROF10
2194,D0061-ROF11
2195,D0061-ROF12
2196,D0061-ROF13
2197,D0061-ROF14
2198,D0061-ROF15
2199,D0061-ROF16
2200,D0061-RMST1
2201,D0061-RMST2
2202,D0061-RMST3
2203,D0061-RMST4
2204,D0061-RMST5
2205,D0061-RMST6
2206,D0061-RMST7
2207,D0061-RMST8
2208,D0061-RMST9
2209,D0061-RMST10
2210,D0061-RMST11
2211,D0061-RMST12
2212,D0061-RMST13
2213,D0061-RMST14
2214,D0063-LOF1
2215,D0063-LOF2
2216,D0063-LOF3
2217,D0063-LOF4
2218,D0063-LOF5
2219,D0063-LOF6
2220,D0063-LOF7
2221,D0063-LOF8
2222,D0063-LOF9
2223,D0063-LOF10
2224,D0063-LOF11
2225,D0063-LOF12
2226,D0063-LOF13
2227,D0063-LOF14
2228,D0063-LOF15
2229,D0063-LOF16
2230,D0063-LASF1
2231,D0063-LASF2
2232,D0063-LASF3
2233,D0063-LASF4
2234,D0063-LASF5
2235,D0063-LASF6
2236,D0063-LASF7
2237,D0063-LASF8
2238,D0063-LASF9
2239,D0063-LASF10
2240,D0063-LASF11
2241,D0063-LASF12
2242,D0063-LASF13
2243,D0063-LASF14
2244,D0063-LASF15
2245,D0063-LASF16
2246,D0063-LMSF1
2247,D0063-LMSF2
2248,D0063-LMSF3
2249,D0063-LMSF4
2250,D0063-LMSF5
2251,D0063-LMSF6
2252,D0063-LMSF7
2253,D0063-LMSF8
2254,D0063-LMSF9
2255,D0063-LMSF10
2256,D0063-LMSF11
2257,D0063-LMSF12
2258,D0063-LPSF1
2259,D0063-LPSF2
2260,D0063-LPSF3
2261,D0063-LPSF4
2262,D0063-LPSF5
2263,D0063-LPSF6
2264,D0063-LPSF7
2265,D0063-LPSF8
2266,D0063-LPSF9
2267,D0063-LPSF10
2268,D0063-LPSF11
2269,D0063-LPSF12
2270,D0063-LMMT1
2271,D0063-LMMT2
2272,D0063-LMMT3
2273,D0063-LMMT4
2274,D0063-LMMT5
2275,D0063-LMMT9
2276,D0063-LMMT10
2277,D0063-LMMT11
2278,D0063-LMMT12
2279,D0063-LMMT13
2280,D0063-LMMT14
2281,D0063-ROF1
2282,D0063-ROF2
2283,D0063-ROF3
2284,D0063-ROF4
2285,D0063-ROF5
2286,D0063-ROF6
2287,D0063-ROF7
2288,D0063-ROF9
2289,D0063-ROF10
2290,D0063-ROF12
2291,D0063-ROF13
2292,D0063-ROF14
2293,D0063-ROF15
2294,D0063-ROF16
2295,D0063-RAI1
2296,D0063-RAI2
2297,D0063-RAI3
2298,D0063-RAI4
2299,D0063-RAI5
2300,D0063-RAI6
2301,D0063-RAI7
2302,D0063-RAI8
2303,D0063-RAI9
2304,D0063-RAI10
2305,D0063-RAI11
2306,D0063-RAI14
2307,D0063-RAI15
2308,D0063-RAI16
2309,D0063-RASF1
2310,D0063-RASF2
2311,D0063-RASF3
2312,D0063-RASF4
2313,D0063-RASF5
2314,D0063-RASF6
2315,D0063-RASF7
2316,D0063-RASF8
2317,D0063-RASF9
2318,D0063-RASF12
2319,D0063-RASF13
2320,D0063-RASF14
2321,D0063-RASF15
2322,D0063-RASF16
2323,D0063-RMSF1
2324,D0063-RMSF2
2325,D0063-RMSF3
2326,D0063-RMSF4
2327,D0063-RMSF5
2328,D0063-RMSF6
2329,D0063-RMSF7
2330,D0063-RMSF8
2331,D0063-RMSF9
2332,D0063-RMSF10
2333,D0063-RMSF11
2334,D0063-RMSF12
2335,D0063-RPSF1
2336,D0063-RPSF2
2337,D0063-RPSF3
2338,D0063-RPSF4
2339,D0063-RPSF5
2340,D0063-RPSF6
2341,D0063-RPSF7
2342,D0063-RPSF8
2343,D0063-RPSF9
2344,D0063-RPSF10
2345,D0063-RPSF11
2346,D0063-RPSF12
2347,D0063-RPSF13
2348,D0063-RPSF14
2349,D0063-RAMF2
2350,D0063-RAMF3
2351,D0063-RAMF4
2352,D0063-RAMF5
2353,D0063-RAMF6
2354,D0063-RAMF7
2355,D0063-RAMF8
2356,D0063-RAMF9
2357,D0063-RAMF10
2358,D0063-RAMF11
2359,D0063-RAMF12
2360,D0063-RAMF13
2361,D0063-RAMF14
2362,D0063-RMMF1
2363,D0063-RMMF2
2364,D0063-RMMF3
2365,D0063-RMMF4
2366,D0063-RMMF5
2367,D0063-RMMF6
2368,D0063-RMMF7
2369,D0063-RMMF8
2370,D0063-RMMF9
2371,D0063-RMMF10
2372,D0063-RMMF11
2373,D0063-RMMF12
2374,D0063-RMMF13
2375,D0063-RMMF14
2376,D0063-RAT1
2377,D0063-RAT2
2378,D0063-RAT3
2379,D0063-RAT4
2380,D0063-RAT5
2381,D0063-RAT11
2382,D0063-RAT12
2383,D0063-RAT13
2384,D0063-RAT14
2385,D0063-RAMT1
2386,D0063-RAMT2
2387,D0063-RAMT3
2388,D0063-RAMT4
2389,D0063-RAMT5
2390,D0063-RAMT6
2391,D0063-RAMT7
2392,D0063-RAMT8
2393,D0063-RAMT9
2394,D0063-RMMT1
2395,D0063-RMMT2
2396,D0063-RMMT3
2397,D0063-RMMT4
2398,D0063-RMMT5
2399,D0063-RMMT6
2400,D0063-RMMT7
2401,D0063-RMMT8
2402,D0063-RMMT9
2403,D0063-RMMT10
2404,D0063-RMMT11
2405,D0063-RMMT12
2406,D0063-RMMT13
2407,D0063-RMIT1
2408,D0063-RMIT2
2409,D0063-RMIT3
2410,D0063-RMIT4
2411,D0063-RMIT5
2412,D0063-RMIT6
2413,D0063-RMIT7
2414,D0063-RMIT8
2415,D0063-RMIT9
2416,D0063-RMIT10
2417,D0063-RMIT11
2418,D0064-LOF1
2419,D0064-LOF2
2420,D0064-LOF3
2421,D0064-LOF4
2422,D0064-LOF5
2423,D0064-LOF6
2424,D0064-LOF7
2425,D0064-LOF8
2426,D0064-LOF9
2427,D0064-LOF10
2428,D0064-LOF11
2429,D0064-LOF12
2430,D0064-LOF13
2431,D0064-LOF14
2432,D0064-LAIF1
2433,D0064-LAIF2
2434,D0064-LAIF3
2435,D0064-LAIF4
2436,D0064-LAIF5
2437,D0064-LAIF6
2438,D0064-LAIF7
2439,D0064-LAIF8
2440,D0064-LAIF9
2441,D0064-LAIF10
2442,D0064-LMIF1
2443,D0064-LMIF2
2444,D0064-LMIF3
2445,D0064-LMIF4
2446,D0064-LMIF5
2447,D0064-LMIF6
2448,D0064-LMIF7
2449,D0064-LMIF8
2450,D0064-LMIF9
2451,D0064-LMIF10
2452,D0064-LAIP1
2453,D0064-LAIP2
2454,D0064-LAIP3
2455,D0064-LAIP4
2456,D0064-LAIP5
2457,D0064-LAIP6
2458,D0064-LAIP7
2459,D0064-LAIP8
2460,D0064-LAIP9
2461,D0064-LAIP10
2462,D0064-LAIP11
2463,D0064-LAIP13
2464,D0064-LAIP14
2465,D0064-LAIP15
2466,D0064-LAIP16
2467,D0064-LPIP1
2468,D0064-LPIP2
2469,D0064-LPIP3
2470,D0064-LPIP4
2471,D0064-LPIP5
2472,D0064-LPIP6
2473,D0064-LPIP7
2474,D0064-LPIP8
2475,D0064-LPIP9
2476,D0064-LPIP10
2477,D0064-LPIP11
2478,D0064-LPIP12
2479,D0064-LPIP13
2480,D0064-LPIP14
2481,D0064-LPIP15
2482,D0064-LPIP16
2483,D0064-LAI1
2484,D0064-LAI2
2485,D0064-LAI3
2486,D0064-LAI4
2487,D0064-LAI5
2488,D0064-LAI6
2489,D0064-LAI7
2490,D0064-LAI8
2491,D0064-LAI9
2492,D0064-LAI10
2493,D0064-LAI11
2494,D0064-LAI12
2495,D0064-LAI13
2496,D0064-LAI14
2497,D0064-LAI15
2498,D0064-LAI16
2499,D0064-LAST1
2500,D0064-LAST2
2501,D0064-LAST3
2502,D0064-LAST4
2503,D0064-LAST5
2504,D0064-LAST6
2505,D0064-LAST7
2506,D0064-LAST8
2507,D0064-LAST9
2508,D0064-LAST10
2509,D0064-LAST11
2510,D0064-LAST12
2511,D0064-LAST13
2512,D0064-LAST14
2513,D0064-L2ST1
2514,D0064-L2ST2
2515,D0064-L2ST3
2516,D0064-L2ST4
2517,D0064-L2ST5
2518,D0064-L2ST6
2519,D0064-L2ST7
2520,D0064-L2ST8
2521,D0064-L2ST9
2522,D0064-L2ST10
2523,D0064-LPST1
2524,D0064-LPST2
2525,D0064-LPST3
2526,D0064-LPST4
2527,D0064-LPST5
2528,D0064-LPST6
2529,D0064-LPST7
2530,D0064-LPST8
2531,D0064-LAMT1
2532,D0064-LAMT3
2533,D0064-LAMT4
2534,D0064-LAMT5
2535,D0064-LAMT6
2536,D0064-LAMT7
2537,D0064-LAMT8
2538,D0064-LAMT9
2539,D0064-LAMT10
2540,D0064-LAMT12
2541,D0064-LAMT13
2542,D0064-LAMT14
2543,D0064-LMMT1
2544,D0064-LMMT2
2545,D0064-LMMT3
2546,D0064-LMMT4
2547,D0064-LMMT5
2548,D0064-LMMT6
2549,D0064-LMMT7
2550,D0064-LMMT8
2551,D0064-LMMT9
2552,D0064-LMMT10
2553,D0064-LMMT11
2554,D0064-LMMT12
2555,D0064-LMMT13
2556,D0064-LMMT14
2557,D0064-LMMT15
2558,D0064-LMMT16
2559,D0064-LPMT1
2560,D0064-LPMT2
2561,D0064-LPMT3
2562,D0064-LPMT4
2563,D0064-LPMT5
2564,D0064-LPMT6
2565,D0064-LPMT7
2566,D0064-LPMT8
2567,D0064-LAIT1
2568,D0064-LAIT2
2569,D0064-LAIT3
2570,D0064-LAIT4
2571,D0064-LAIT5
2572,D0064-LAIT6
2573,D0064-LAIT9
2574,D0064-LAIT10
2575,D0064-LAIT11
2576,D0064-LAIT12
2577,D0064-LAIT13
2578,D0064-LAIT14
2579,D0064-LPIT1
2580,D0064-LPIT2
2581,D0064-LPIT3
2582,D0064-LPIT4
2583,D0064-LPIT5
2584,D0064-LPIT6
2585,D0064-LPIT7
2586,D0064-LPIT8
2587,D0064-LPIT9
2588,D0064-LPIT10
2589,D0064-LPIT11
2590,D0064-LPIT12
2591,D0066-RPSP1
2592,D0066-RPSP2
2593,D0066-RPSP3
2594,D0066-RPSP4
2595,D0066-RPSP5
2596,D0066-RPSP6
2597,D0066-RPSP7
2598,D0066-RPSP8
2599,D0066-RPSP9
2600,D0066-RPSP10
2601,D0066-RPSP11
2602,D0066-RPSP12
2603,D0066-RPMP1
2604,D0066-RPMP2
2605,D0066-RPMP3
2606,D0066-RPMP4
2607,D0066-RPMP5
2608,D0066-RPMP6
2609,D0066-RPMP7
2610,D0066-RPMP8
2611,D0066-RPMP9
2612,D0066-RPMP10
2613,D0066-RPMP11
2614,D0066-RPMP12
2615,D0066-RPMP13
2616,D0066-RPMP14
2617,D0066-RPMP15
2618,D0066-RPMP16
2619,D0066-RPIP1
2620,D0066-RPIP2
2621,D0066-RPIP3
2622,D0066-RPIP4
2623,D0066-RPIP5
2624,D0066-RPIP6
2625,D0066-RPIP7
2626,D0066-RPIP8
2627,D0066-RPIP9
2628,D0066-RPIP10
2629,D0066-RPIP11
2630,D0066-RPIP12
2631,D0066-RPIP13
2632,D0066-RPIP14
2633,D0066-RPIP15
2634,D0066-RPIP16
2635,D0066-ROAS1
2636,D0066-ROAS2
2637,D0066-ROAS3
2638,D0066-ROAS4
2639,D0066-ROAS5
2640,D0066-ROAS6
2641,D0066-ROAS7
2642,D0066-ROAS8
2643,D0066-ROAS9
2644,D0066-ROAS10
2645,D0066-ROAS11
2646,D0066-ROAS12
2647,D0066-ROAS13
2648,D0066-ROAS14
2649,D0066-ROAM1
2650,D0066-ROAM2
2651,D0066-ROAM3
2652,D0066-ROAM4
2653,D0066-ROAM5
2654,D0066-ROAM6
2655,D0066-ROAM7
2656,D0066-ROAM8
2657,D0066-ROAM9
2658,D0066-ROAM10
2659,D0066-ROAM11
2660,D0066-ROAM12
2661,D0066-ROPM1
2662,D0066-ROPM2
2663,D0066-ROPM3
2664,D0066-ROPM4
2665,D0066-ROPM5
2666,D0066-ROPM6
2667,D0066-ROPM7
2668,D0066-ROPM8
2669,D0066-ROPM9
2670,D0066-ROPM10
2671,D0066-ROPM11
2672,D0066-ROPM12
2673,D0066-ROAI1
2674,D0066-ROAI2
2675,D0066-ROAI3
2676,D0066-ROAI4
2677,D0066-ROAI5
2678,D0066-ROAI6
2679,D0066-ROAI7
2680,D0066-ROAI8
2681,D0066-ROAI9
2682,D0066-ROAI10
2683,D0066-ROAI11
2684,D0066-ROAI12
2685,D0066-ROAI13
2686,D0066-ROAI14
2687,D0066-ROPI1
2688,D0066-ROPI2
2689,D0066-ROPI3
2690,D0066-ROPI4
2691,D0066-ROPI5
2692,D0066-ROPI6
2693,D0066-ROPI7
2694,D0066-ROPI8
2695,D0066-ROPI9
2696,D0066-ROPI10
2697,D0066-ROPI11
2698,D0066-ROPI12
2699,D0066-RTPS1
2700,D0066-RTPS2
2701,D0066-RTPS3
2702,D0066-RTPS4
2703,D0066-RTPS5
2704,D0066-RTPS6
2705,D0066-RTPS7
2706,D0066-RTPS8
2707,D0066-RTPS9
2708,D0066-RTPS10
2709,D0066-RTAM1
2710,D0066-RTAM2
2711,D0066-RTAM3
2712,D0066-RTAM4
2713,D0066-RTAM5
2714,D0066-RTAM6
2715,D0066-RTAM7
2716,D0066-RTAM8
2717,D0066-RTAM9
2718,D0066-RTAM10
2719,D0066-RTAM11
2720,D0066-RTAM12
2721,D0066-RTAM13
2722,D0066-RTAM14
2723,D0066-RTMM3
2724,D0066-RTMM4
2725,D0066-RTMM5
2726,D0066-RTMM6
2727,D0066-RTMM7
2728,D0066-RTMM8
2729,D0066-RTMM9
2730,D0066-RTMM10
2731,D0066-RTMM11
2732,D0066-RTMM12
2733,D0066-RTPM1
2734,D0066-RTPM4
2735,D0066-RTPM5
2736,D0066-RTPM6
2737,D0066-RTPM7
2738,D0066-RTPM8
2739,D0066-RTPM9
2740,D0066-RTPM10
2741,D0066-RTPM11
2742,D0066-RTPM12
2743,D0066-RTPM13
2744,D0066-RTPM14
2745,D0066-RTAI1
2746,D0066-RTAI2
2747,D0066-RTAI3
2748,D0066-RTAI4
2749,D0066-RTAI5
2750,D0066-RTAI6
2751,D0066-RTAI7
2752,D0066-RTAI8
2753,D0066-RTAI9
2754,D0066-RTAI10
2755,D0066-RTAI11
2756,D0066-RTPI1
2757,D0066-RTPI2
2758,D0066-RTPI3
2759,D0066-RTPI4
2760,D0066-RTPI5
2761,D0066-RTPI6
2762,D0066-RTPI7
2763,D0066-RTPI8
2764,D0066-RTPI9
2765,D0066-RTPI10
2766,D0066-RTPI11
2767,D0066-RTPI12
2768,D0069-LPS11
2769,D0069-LTAS1
2770,D0069-LTAS2
2771,D0069-LTAS3
2772,D0069-LTAS4
2773,D0069-LTAS5
2774,D0069-LTAS6
2775,D0069-LTAS7
2776,D0069-LTAS8
2777,D0069-LTAS9
2778,D0069-LTMS1
2779,D0069-LTMS2
2780,D0069-LTMS3
2781,D0069-LTMS4
2782,D0069-LTMS5
2783,D0069-LTMS6
2784,D0069-LTMS7
2785,D0069-LTMS8
2786,D0069-LTMS9
2787,D0069-LTPS1
2788,D0069-LTPS2
2789,D0069-LTPS3
2790,D0069-LTPS4
2791,D0069-LTPS5
2792,D0069-LTPS6
2793,D0069-LTPS7
2794,D0069-LTPS8
2795,D0069-LTPS9
2796,D0069-LTPS10
2797,D0069-LTMM1
2798,D0069-LTMM2
2799,D0069-LTMM3
2800,D0069-LTMM4
2801,D0069-LTMM5
2802,D0069-LTMM6
2803,D0069-LTMM7
2804,D0069-LTMM8
2805,D0069-LTMM9
2806,D0069-LTMM10
2807,D0069-LTPM1
2808,D0069-LTPM2
2809,D0069-LTPM3
2810,D0069-LTPM4
2811,D0069-LTPM5
2812,D0069-LTPM6
2813,D0069-LTPM7
2814,D0069-LTPM8
2815,D0069-LTPM9
2816,D0069-LTPM10
2817,D0069-LTMI1
2818,D0069-LTMI2
2819,D0069-LTMI3
2820,D0069-LTMI4
2821,D0069-LTMI5
2822,D0069-LTMI6
2823,D0069-LTMI7
2824,D0069-LTMI8
2825,D0069-LTMI9
2826,D0069-LTMI10
2827,D0069-LTPI1
2828,D0069-LTPI2
2829,D0069-LTPI3
2830,D0069-LTPI4
2831,D0069-LTPI5
2832,D0069-LTPI6
2833,D0069-LTPI7
2834,D0069-LTPI8
2835,D0069-LTPI9
2836,D0069-LTPI10
2837,D0070-LFO1
2838,D0070-LFO2
2839,D0070-LFO3
2840,D0070-LFO4
2841,D0070-LFO5
2842,D0070-LFO6
2843,D0070-LFO7
2844,D0070-LFO8
2845,D0070-LFO9
2846,D0070-LFO10
2847,D0070-LFO11
2848,D0070-LFO12
2849,D0070-LFAS1
2850,D0070-LFAS2
2851,D0070-LFAS3
2852,D0070-LFAS4
2853,D0070-LFAS5
2854,D0070-LFAS6
2855,D0070-LFAS7
2856,D0070-LFAS8
2857,D0070-LFAS9
2858,D0070-LFAS10
2859,D0070-LFAS11
2860,D0070-LFAS12
2861,D0070-LFAS13
2862,D0070-LFAS14
2863,D0070-LFAS15
2864,D0070-LFAS16
2865,D0070-LFAI1
2866,D0070-LFAI2
2867,D0070-LFAI3
2868,D0070-LFAI4
2869,D0070-LFAI5
2870,D0070-LFAI6
2871,D0070-LFAI7
2872,D0070-LFAI8
2873,D0070-LFAI9
2874,D0070-LFAI10
2875,D0070-LFPI2
2876,D0070-LFPI3
2877,D0070-LFPI4
2878,D0070-LFPI5
2879,D0070-LFPI6
2880,D0070-LFPI7
2881,D0070-LFPI8
2882,D0070-LFPI9
2883,D0070-LFPI10
2884,D0070-LFPI11
2885,D0070-LFPI12
2886,D0070-LIA1
2887,D0070-LIA2
2888,D0070-LIA3
2889,D0070-LIA4
2890,D0070-LIA5
2891,D0070-LIA6
2892,D0070-LIA7
2893,D0070-LIA8
2894,D0070-LIA9
2895,D0070-LIA10
2896,D0070-LIA11
2897,D0070-LIA12
2898,D0070-LIA13
2899,D0070-LIA14
2900,D0070-LIP1
2901,D0070-LIP2
2902,D0070-LIP3
2903,D0070-LIP4
2904,D0070-LIP5
2905,D0070-LIP6
2906,D0070-LIP7
2907,D0070-LIP8
2908,D0070-LIP9
2909,D0070-LIP10
2910,D0070-LIP11
2911,D0070-LIP12
2912,D0070-LIP13
2913,D0070-LIP14
2914,D0070-LTMS1
2915,D0070-LTMS2
2916,D0070-LTMS3
2917,D0070-LTMS4
2918,D0070-LTMS5
2919,D0070-LTMS6
2920,D0070-LTMS7
2921,D0070-LTMS8
2922,D0070-LTPS1
2923,D0070-LTPS2
2924,D0070-LTPS3
2925,D0070-LTPS4
2926,D0070-LTPS5
2927,D0070-LTPS6
2928,D0070-LTAM1
2929,D0070-LTAM2
2930,D0070-LTAM3
2931,D0070-LTAM4
2932,D0070-LTAM5
2933,D0070-LTAM6
2934,D0070-LTAM7
2935,D0070-LTAM8
2936,D0070-LTAM9
2937,D0070-LTAM10
2938,D0070-LTAM11
2939,D0070-LTAM12
2940,D0070-LTMM1
2941,D0070-LTMM2
2942,D0070-LTMM3
2943,D0070-LTMM4
2944,D0070-LTMM5
2945,D0070-LTMM6
2946,D0070-LTMM7
2947,D0070-LTMM8
2948,D0070-LTMM9
2949,D0070-LTMM10
2950,D0070-LTMM12
2951,D0070-LTMP1
2952,D0070-LTMP2
2953,D0070-LTMP3
2954,D0070-LTMP4
2955,D0070-LTMP5
2956,D0070-LTMP6
2957,D0070-LTMP7
2958,D0070-LTMP8
2959,D0070-LTMP9
2960,D0070-LTMP10
2961,D0070-LTMP11
2962,D0070-LTMP12
2963,D0070-LTAI1
2964,D0070-LTAI2
2965,D0070-LTAI3
2966,D0070-LTAI6
2967,D0070-LTAI7
2968,D0070-LTAI8
2969,D0070-LTAI9
2970,D0070-LTAI10
2971,D0070-LTMI1
2972,D0070-LTMI2
2973,D0070-LTMI3
2974,D0070-LTMI4
2975,D0070-LTMI5
2976,D0070-LTMI6
2977,D0070-LTMI7
2978,D0070-LTMI8
2979,D0070-LTMI9
2980,D0070-LTMI10
2981,D0070-LTPI1
2982,D0070-LTPI2
2983,D0070-LTPI3
2984,D0070-LTPI4
2985,D0070-LTPI5
2986,D0070-LTPI6
2987,D0070-LTPI7
2988,D0070-LTPI8
2989,D0070-LTPI9
2990,D0070-LTPI10
2991,D0070-LTPI11
2992,D0070-LTPI12
2993,D0070-RFO1
2994,D0070-RFO2
2995,D0070-RFO3
2996,D0070-RFO4
2997,D0070-RFO5
2998,D0070-RFO6
2999,D0070-RFO7
3000,D0070-RFO8
3001,D0070-RFO9
3002,D0070-RFO10
3003,D0070-RFO11
3004,D0070-RFO12
3005,D0070-RFAI1
3006,D0070-RFAI2
3007,D0070-RFAI3
3008,D0070-RFAI4
3009,D0070-RFAI5
3010,D0070-RFAI6
3011,D0070-RFAI7
3012,D0070-RFAI8
3013,D0070-RFAI9
3014,D0070-RFAI10
3015,D0070-RTAM1
3016,D0070-RTAM2
3017,D0070-RTAM3
3018,D0070-RTAM4
3019,D0070-RTAM5
3020,D0070-RTAM6
3021,D0070-RTAM7
3022,D0070-RTAM8
3023,D0070-RTAM10
3024,D0070-RTMM1
3025,D0070-RTMM2
3026,D0070-RTMM3
3027,D0070-RTMM4
3028,D0070-RTMM5
3029,D0070-RTMM6
3030,D0070-RTMM7
3031,D0070-RTMM8
3032,D0070-RTMM9
3033,D0073-LFAP1
3034,D0073-LFAP2
3035,D0073-LFAP3
3036,D0073-LFAP4
3037,D0073-LFAP5
3038,D0073-LFAP6
3039,D0073-LFAP7
3040,D0073-LFAP8
3041,D0073-LFAP9
3042,D0073-LFAP10
3043,D0073-LFAS1
3044,D0073-LFAS2
3045,D0073-LFAS3
3046,D0073-LFAS4
3047,D0073-LFAS5
3048,D0073-LFAS6
3049,D0073-LFAS7
3050,D0073-LFAS8
3051,D0073-LFAS9
3052,D0073-LFAS10
3053,D0073-LFMS1
3054,D0073-LFMS2
3055,D0073-LFMS3
3056,D0073-LFMS4
3057,D0073-LFMS5
3058,D0073-LFMS6
3059,D0073-LFMS7
3060,D0073-LFMS8
3061,D0073-LFMS9
3062,D0073-LFMS10
3063,D0073-LFPS1
3064,D0073-LFPS2
3065,D0073-LFPS3
3066,D0073-LFPS4
3067,D0073-LFPS5
3068,D0073-LFPS6
3069,D0073-LFPS7
3070,D0073-LFPS8
3071,D0073-LFPS9
3072,D0073-LFPS10
3073,D0073-LFL1
3074,D0073-LFL2
3075,D0073-LFL3
3076,D0073-LFL4
3077,D0073-LFL5
3078,D0073-LFL6
3079,D0073-LFL7
3080,D0073-LFL8
3081,D0073-LFL9
3082,D0073-LFL10
3083,D0073-LPL1
3084,D0073-LPL2
3085,D0073-LPL3
3086,D0073-LPL4
3087,D0073-LPL5
3088,D0073-LPL6
3089,D0073-LPL7
3090,D0073-LPL8
3091,D0073-LPL9
3092,D0073-LPL10
3093,D0073-LPL11
3094,D0073-LPAS1
3095,D0073-LPAS2
3096,D0073-LPAS3
3097,D0073-LPAS4
3098,D0073-LPAS5
3099,D0073-LPAS6
3100,D0073-LPAS7
3101,D0073-LPAS8
3102,D0073-LPAS9
3103,D0073-LPAS10
3104,D0073-LPAS11
3105,D0073-LPAS12
3106,D0073-LPMS1
3107,D0073-LPMS2
3108,D0073-LPMS3
3109,D0073-LPMS4
3110,D0073-LPMS5
3111,D0073-LPMS6
3112,D0073-LPMS7
3113,D0073-LPMS8
3114,D0073-LPMS9
3115,D0073-LPMS10
3116,D0073-LPMS11
3117,D0073-LPMS12
3118,D0073-LPPS1
3119,D0073-LPPS2
3120,D0073-LPPS3
3121,D0073-LPPS4
3122,D0073-LPPS5
3123,D0073-LPPS6
3124,D0073-LPPS7
3125,D0073-LPPS8
3126,D0073-LPPS9
3127,D0073-LPPS10
3128,D0073-LPPS11
3129,D0073-LPPS12
3130,D0073-LFAM1
3131,D0073-LFAM2
3132,D0073-LFAM3
3133,D0073-LFAM4
3134,D0073-LFAM5
3135,D0073-LFAM6
3136,D0073-LFAM7
3137,D0073-LFAM8
3138,D0073-LFAM9
3139,D0073-LFAM10
3140,D0073-LFAM11
3141,D0073-LFAM12
3142,D0073-LFMM1
3143,D0073-LFMM2
3144,D0073-LFMM3
3145,D0073-LFMM4
3146,D0073-LFMM5
3147,D0073-LFMM6
3148,D0073-LFMM7
3149,D0073-LFMM8
3150,D0073-LFMM9
3151,D0073-LFMM10
3152,D0073-LFMM11
3153,D0073-LFMM12
3154,D0073-LFMM13
3155,D0073-LFMM14
3156,D0073-LFMM15
3157,D0073-LFPM1
3158,D0073-LFPM2
3159,D0073-LFPM3
3160,D0073-LFPM4
3161,D0073-LFPM5
3162,D0073-LFPM6
3163,D0073-LFPM7
3164,D0073-LFPM8
3165,D0073-LFPM9
3166,D0073-LFPM10
3167,D0073-LFPM11
3168,D0073-LFPM12
3169,D0073-LFPM13
3170,D0073-LFPM14
3171,D0073-LPAM1
3172,D0073-LPAM2
3173,D0073-LPAM3
3174,D0073-LPAM4
3175,D0073-LPAM5
3176,D0073-LPAM6
3177,D0073-LPAM7
3178,D0073-LPAM8
3179,D0073-LPAM9
3180,D0073-LPAM10
3181,D0073-LPAM11
3182,D0073-LPAM12
3183,D0073-LPAM13
3184,D0073-LPAM14
3185,D0073-LPMM1
3186,D0073-LPMM2
3187,D0073-LPMM3
3188,D0073-LPMM4
3189,D0073-LPMM5
3190,D0073-LPMM6
3191,D0073-LPMM7
3192,D0073-LPMM8
3193,D0073-LPMM9
3194,D0073-LPMM10
3195,D0073-LPMM11
3196,D0073-LPMM12
3197,D0073-LPMM13
3198,D0073-LPMM14
3199,D0073-LPMM15
3200,D0073-LFAI1
3201,D0073-LFAI2
3202,D0073-LFAI3
3203,D0073-LFAI4
3204,D0073-LFAI5
3205,D0073-LFAI6
3206,D0073-LFAI7
3207,D0073-LFAI8
3208,D0073-LFAI9
3209,D0073-LFAI10
3210,D0073-LFAI11
3211,D0073-LFAI12
3212,D0073-LFAI13
3213,D0081-LFO1
3214,D0081-LFO2
3215,D0081-LFO3
3216,D0081-LFO4
3217,D0081-LFO5
3218,D0081-LFO6
3219,D0081-LFO7
3220,D0081-LFO8
3221,D0081-LFO9
3222,D0081-LFO10
3223,D0081-LFO11
3224,D0081-LFO12
3225,D0081-LFO13
3226,D0081-LFO14
3227,D0081-LFO15
3228,D0081-LFO16
3229,D0081-LFMS1
3230,D0081-LFMS2
3231,D0081-LFMS3
3232,D0081-LFMS4
3233,D0081-LFMS5
3234,D0081-LFMS6
3235,D0081-LFMS7
3236,D0081-LFMS8
3237,D0081-LFMS9
3238,D0081-LFMS10
3239,D0081-LFMS11
3240,D0081-LFMS12
3241,D0081-LFPS1
3242,D0081-LFPS2
3243,D0081-LFPS3
3244,D0081-LFPS4
3245,D0081-LFPS5
3246,D0081-LFPS6
3247,D0081-LFPS8
3248,D0081-LFPS9
3249,D0081-LFPS10
3250,D0081-LFPS11
3251,D0081-LFPS13
3252,D0081-LFPS14
3253,D0081-LPAS1
3254,D0081-LPAS2
3255,D0081-LPAS3
3256,D0081-LPAS4
3257,D0081-LPAS5
3258,D0081-LPAS6
3259,D0081-LPAS7
3260,D0081-LPAS8
3261,D0081-LPAS9
3262,D0081-LPAS10
3263,D0081-LFAM1
3264,D0081-LFAM2
3265,D0081-LFAM3
3266,D0081-LFAM4
3267,D0081-LFAM5
3268,D0081-LFAM6
3269,D0081-LFAM7
3270,D0081-LFAM8
3271,D0081-LFAM9
3272,D0081-LFAM10
3273,D0081-LFAM11
3274,D0081-LFAM12
3275,D0081-LFMM1
3276,D0081-LFMM2
3277,D0081-LFMM3
3278,D0081-LFMM4
3279,D0081-LFMM5
3280,D0081-LFMM6
3281,D0081-LFMM7
3282,D0081-LFMM8
3283,D0081-LFMM9
3284,D0081-LFMM10
3285,D0081-LFMM11
3286,D0081-LFMM12
3287,D0081-LFMM13
3288,D0081-LPAM1
3289,D0081-LPAM2
3290,D0081-LPAM3
3291,D0081-LPAM4
3292,D0081-LPAM5
3293,D0081-LPAM6
3294,D0081-LPAM7
3295,D0081-LPAM8
3296,D0081-LPAM9
3297,D0081-LPAM10
3298,D0081-LPAM11
3299,D0081-LPAM12
3300,D0081-LPAM13
3301,D0081-LPAM14
3302,D0081-LAI1
3303,D0081-LAI2
3304,D0081-LAI3
3305,D0081-LAI4
3306,D0081-LAI5
3307,D0081-LAI6
3308,D0081-LAI7
3309,D0081-LAI8
3310,D0081-LAI9
3311,D0081-LAI10
3312,D0081-LAI11
3313,D0081-LAI12
3314,D0081-LAI13
3315,D0081-LAI14
3316,D0081-LAI15
3317,D0081-LAI16
3318,D0081-LPI1
3319,D0081-LPI2
3320,D0081-LPI3
3321,D0081-LPI4
3322,D0081-LPI5
3323,D0081-LPI6
3324,D0081-LPI7
3325,D0081-LPI8
3326,D0081-LPI9
3327,D0081-LPI10
3328,D0081-LPI11
3329,D0081-LPI12
3330,D0081-LPI13
3331,D0081-LPI14
3332,D0081-LPI15
3333,D0081-LTMS1
3334,D0081-LTMS2
3335,D0081-LTMS3
3336,D0081-LTMS4
3337,D0081-LTMS5
3338,D0081-LTMS6
3339,D0081-LTMS7
3340,D0081-LTMS8
3341,D0081-LTPS1
3342,D0081-LTPS2
3343,D0081-LTPS3
3344,D0081-LTPS4
3345,D0081-LTPS5
3346,D0081-LTPS6
3347,D0081-LTPS7
3348,D0081-LTPS8
3349,D0100-LTMM1
3350,D0100-LTMM2
3351,D0100-LTMM5
3352,D0100-LTMM6
3353,D0100-LTMM7
3354,D0100-LTMM8
3355,D0100-LTMM9
3356,D0100-LTMM10
3357,D0100-LTMM11
3358,D0100-LTMM12
3359,D0100-LTMM13
3360,D0100-LTMM14
3361,D0100-LTMM15
3362,D0100-LTPM1
3363,D0100-LTPM2
3364,D0100-LTPM3
3365,D0100-LTPM4
3366,D0100-LTPM6
3367,D0100-LTPM7
3368,D0100-LTPM8
3369,D0100-LTPM9
3370,D0100-LTPM10
3371,D0100-LTPM11
3372,D0100-LTPM12
3373,D0100-LTPM13
3374,D0100-LTPM14
3375,D0100-LTPM15
3376,D0100-LTOJ1
3377,D0100-LTOJ2
3378,D0100-LTOJ3
3379,D0100-LTOJ4
3380,D0100-LTOJ5
3381,D0100-LTOJ6
3382,D0100-LTOJ7
3383,D0100-LTOJ8
3384,D0100-LTOJ9
3385,D0100-LTOJ10
3386,D0100-LTOJ11
3387,D0100-LTOJ12
3388,D0100-LTOJ13
3389,D0100-LTOJ14
3390,D0100-LTOJ15
3391,D0100-LTPS1
3392,D0100-LTPS2
3393,D0100-LTPS3
3394,D0100-LTPS4
3395,D0100-LTPS5
3396,D0100-LTPS6
3397,D0100-LTPS7
3398,D0100-LTPS9
3399,D0100-LTPS10
3400,D0100-LTPS11
3401,D0100-LTPS12
3402,D0100-LTPS13
3403,D0100-LTPS14
3404,D0100-LTPS15
3405,D0100-LTPS16
3406,D0100-LTPS17
3407,D0100-LTPS18
3408,D0100-LTPI1
3409,D0100-LTPI2
3410,D0100-LTPI3
3411,D0100-LTPI4
3412,D0100-LTPI5
3413,D0100-LTPI6
3414,D0100-LTPI7
3415,D0100-LTPI8
3416,D0100-LTPI9
3417,D0100-LTPI10
3418,D0100-LTPI11
3419,D0100-LTPI12
3420,D0100-LTPI13
3421,D0100-LTPI14
3422,D0100-LTPI15
3423,D0100-LOAI1
3424,D0100-LOAI5
3425,D0100-LOAI6
3426,D0100-LOAI7
3427,D0100-LOAI8
3428,D0100-LOAI9
3429,D0100-LOAI10
3430,D0100-LOAI11
3431,D0100-LOAI12
3432,D0100-LOAI13
3433,D0100-LOAI14
3434,D0100-LOAI15
3435,D0100-LOMI1
3436,D0100-LOMI2
3437,D0100-LOMI3
3438,D0100-LOMI4
3439,D0100-LOMI5
3440,D0100-LOMI6
3441,D0100-LOMI7
3442,D0100-LOMI8
3443,D0100-LOMI9
3444,D0100-LOMI10
3445,D0100-LOMI11
3446,D0100-LOMI12
3447,D0100-LOPI1
3448,D0100-LOPI2
3449,D0100-LOPI3
3450,D0100-LOPI4
3451,D0100-LOPI5
3452,D0100-LOPI6
3453,D0100-LOPI7
3454,D0100-LOPI8
3455,D0100-LOPI9
3456,D0100-LOPI10
3457,D0100-LOAM1
3458,D0100-LOAM2
3459,D0100-LOAM3
3460,D0100-LOAM4
3461,D0100-LOAM5
3462,D0100-LOAM6
3463,D0100-LOAM7
3464,D0100-LOAM8
3465,D0100-LOAM9
3466,D0100-LOAM10
3467,D0100-LOAM11
3468,D0100-LOAM12
3469,D0100-LOAM13
3470,D0100-LOAM14
3471,D0100-LOAM15
3472,D0100-LOMM1
3473,D0100-LOMM2
3474,D0100-LOMM3
3475,D0100-LOMM4
3476,D0100-LOMM5
3477,D0100-LOMM6
3478,D0100-LOMM7
3479,D0100-LOMM8
3480,D0100-LOMM9
3481,D0100-LOMM10
3482,D0100-LOMM11
3483,D0100-LOMM12
3484,D0100-LOMM13
3485,D0100-LOMM14
3486,D0100-LOPM1
3487,D0100-LOPM2
3488,D0100-LOPM3
3489,D0100-LOPM4
3490,D0100-LOPM5
3491,D0100-LOPM6
3492,D0100-LOPM7
3493,D0100-LOPM8
3494,D0100-LOPM9
3495,D0100-LOPM10
3496,D0100-LOAS1
3497,D0100-LOAS2
3498,D0100-LOAS3
3499,D0100-LOAS4
3500,D0100-LOAS5
3501,D0100-LOAS6
3502,D0100-LOAS7
3503,D0100-LOAS8
3504,D0100-LOAS9
3505,D0100-LOAS10
3506,D0100-LOAS11
3507,D0100-LOAS12
3508,D0100-LOAS13
3509,D0100-LOAS14
3510,D0100-LOAS15
3511,D0100-LOMS1
3512,D0100-LOMS2
3513,D0100-LOMS3
3514,D0100-LOMS4
3515,D0100-LOMS5
3516,D0100-LOMS6
3517,D0100-LOMS7
3518,D0100-LOMS8
3519,D0100-LOMS9
3520,D0100-LOMS10
3521,D0100-LOMS11
3522,D0100-LOMS12
3523,D0100-LOMS13
3524,D0100-LOMS14
3525,D0100-LOMS15
3526,D0100-LOPS1
3527,D0100-LOPS2
3528,D0100-LOPS3
3529,D0100-LOPS4
3530,D0100-LOPS5
3531,D0100-LOPS6
3532,D0100-LOPS7
3533,D0100-LOPS8
3534,D0100-LOPS9
3535,D0100-LOPS10
3536,D0100-LOPS11
3537,D0100-LOPS12
3538,D0100-LPAI1
3539,D0100-LPAI2
3540,D0100-LPAI3
3541,D0100-LPAI4
3542,D0100-LPAI5
3543,D0100-LPAI6
3544,D0100-LPAI7
3545,D0100-LPAI8
3546,D0100-LPAI9
3547,D0100-LPAI10
3548,D0100-LPAI11
3549,D0100-LPAI12
3550,D0100-LPAI13
3551,D0100-LPAI14
3552,D0100-LPAI15
3553,D0100-LPAI16
3554,D0100-LPAI17
3555,D0100-LPAI18
3556,D0100-LPPI1
3557,D0100-LPPI2
3558,D0100-LPPI3
3559,D0100-LPPI4
3560,D0100-LPPI5
3561,D0100-LPPI6
3562,D0100-LPPI7
3563,D0100-LPPI8
3564,D0100-LPPI9
3565,D0100-LPPI10
3566,D0100-LPPI11
3567,D0100-LPPI12
3568,D0100-LPPI13
3569,D0100-LPPI14
3570,D0100-LPPI15
3571,D0102-LTAM1
3572,D0102-LTAM2
3573,D0102-LTAM3
3574,D0102-LTAM4
3575,D0102-LTAM5
3576,D0102-LTAM6
3577,D0102-LTAM7
3578,D0102-LTAM8
3579,D0102-LTAM9
3580,D0102-LTAM10
3581,D0102-LTAM11
3582,D0102-LTAM12
3583,D0102-LTAM13
3584,D0102-LTAM14
3585,D0102-LTMM4
3586,D0102-LTMM5
3587,D0102-LTMM6
3588,D0102-LTMM7
3589,D0102-LTMM8
3590,D0102-LTMM9
3591,D0102-LTMM10
3592,D0102-LTMM11
3593,D0102-LTMM12
3594,D0102-LTMM13
3595,D0102-LTMM14
3596,D0102-LTMM15
3597,D0102-LTPM1
3598,D0102-LTPM2
3599,D0102-LTPM3
3600,D0102-LTPM4
3601,D0102-LTPM5
3602,D0102-LTPM6
3603,D0102-LTPM7
3604,D0102-LTPM8
3605,D0102-LTPM9
3606,D0102-LTPM10
3607,D0102-LTPM11
3608,D0102-LTPM12
3609,D0102-LTPM13
3610,D0102-LTPM14
3611,D0102-LTPM15
3612,D0102-RFO1
3613,D0102-RFO2
3614,D0102-RFO3
3615,D0102-RFO4
3616,D0102-RFO5
3617,D0102-RFO6
3618,D0102-RFO7
3619,D0102-RFO8
3620,D0102-RFO9
3621,D0102-RFO10
3622,D0102-RFO11
3623,D0102-RFO12
3624,D0102-RFO13
3625,D0102-RFO14
3626,D0102-RFO15
3627,D0102-RFAM1
3628,D0102-RFAM2
3629,D0102-RFAM3
3630,D0102-RFAM4
3631,D0102-RFAM5
3632,D0102-RFAM6
3633,D0102-RFAM7
3634,D0102-RFAM8
3635,D0102-RFAM9
3636,D0102-RFAM10
3637,D0102-RFAM11
3638,D0102-RFAM12
3639,D0102-RFAM13
3640,D0102-RFAM14
3641,D0102-RFAM15
3642,D0102-RFMM1
3643,D0102-RFMM2
3644,D0102-RFMM3
3645,D0102-RFMM4
3646,D0102-RFMM5
3647,D0102-RFMM6
3648,D0102-RFMM7
3649,D0102-RFMM8
3650,D0102-RFMM9
3651,D0102-RFMM10
3652,D0102-RFMM11
3653,D0102-RFMM12
3654,D0102-RFMM13
3655,D0102-RFMM14
3656,D0102-RFMM15
3657,D0102-RFAI1
3658,D0102-RFAI2
3659,D0102-RFAI3
3660,D0102-RFAI4
3661,D0102-RFAI5
3662,D0102-RFAI6
3663,D0102-RFAI7
3664,D0102-RFAI8
3665,D0102-RFAI9
3666,D0102-RFAI10
3667,D0102-RFAI11
3668,D0102-RFAI12
3669,D0102-RFPI1
3670,D0102-RFPI2
3671,D0102-RFPI3
3672,D0102-RFPI4
3673,D0102-RFPI5
3674,D0102-RFPI6
3675,D0102-RFPI7
3676,D0102-RFPI8
3677,D0102-RFPI9
3678,D0102-RFPI10
3679,D0102-RTAS1
3680,D0102-RTAS2
3681,D0102-RTAS3
3682,D0102-RTAS4
3683,D0102-RTAS5
3684,D0102-RTAS6
3685,D0102-RTAS7
3686,D0102-RTAS8
3687,D0102-RTAS9
3688,D0102-RTAS10
3689,D0102-RTPS1
3690,D0102-RTPS2
3691,D0102-RTPS3
3692,D0102-RTPS4
3693,D0102-RTPS5
3694,D0102-RTPS6
3695,D0102-RTPS7
3696,D0102-RTPS8
3697,D0102-RTPS9
3698,D0102-RTPS10
3699,D0102-RTPS11
3700,D0102-RTPS12
3701,D0102-RTPS13
3702,D0102-RTPS14
3703,D0102-RTPS15
3704,D0102-RTPS16
3705,D0102-RTPS17
3706,D0102-RTPS18
3707,D0102-RTP1
3708,D0102-RTP2
3709,D0102-RTP3
3710,D0102-RTP4
3711,D0102-RTP5
3712,D0102-RTP6
3713,D0102-RTP7
3714,D0102-RTP8
3715,D0102-RTP9
3716,D0102-RTP10
3717,D0102-RTP11
3718,D0102-RTP12
3719,D0102-RTP13
3720,D0102-RTP14
3721,D0102-RTP15
3722,D0102-RTAM2
3723,D0102-RTAM4
3724,D0102-RTAM5
3725,D0102-RTAM6
3726,D0102-RTAM7
3727,D0102-RTAM8
3728,D0102-RTAM9
3729,D0102-RTAM10
3730,D0102-RTAM11
3731,D0102-RTAM12
3732,D0102-RTAM13
3733,D0102-RTAM14
3734,D0102-RTAM15
3735,D0102-RTMM1
3736,D0102-RTMM2
3737,D0102-RTMM3
3738,D0102-RTMM4
3739,D0102-RTMM5
3740,D0102-RTMM6
3741,D0102-RTMM7
3742,D0102-RTMM8
3743,D0102-RTMM9
3744,D0102-RTMM10
3745,D0102-RTMM11
3746,D0102-RTMM12
3747,D0102-RTMM13
3748,D0102-RTMM14
3749,D0102-RTMM15
3750,D0102-RTPM1
3751,D0102-RTPM2
3752,D0102-RTPM3
3753,D0102-RTPM4
3754,D0102-RTPM5
3755,D0102-RTPM6
3756,D0102-RTPM7
3757,D0102-RTPM8
3758,D0102-RTPM9
3759,D0102-RTPM10
3760,D0102-RTPM11
3761,D0102-RTPM12
3762,D0102-RTPM13
3763,D0102-RTPM14
3764,D0102-RTPM15
3765,D0102-RTAI1
3766,D0102-RTAI2
3767,D0102-RTAI3
3768,D0102-RTAI4
3769,D0102-RTAI5
3770,D0102-RTAI6
3771,D0102-RTAI7
3772,D0102-RTAI8
3773,D0102-RTAI9
3774,D0102-RTAI10
3775,D0102-RTAI11
3776,D0102-RTAI12
3777,D0102-RTAI13
3778,D0102-RTAI14
3779,D0102-RTAI15
3780,D0102-RTPI1
3781,D0102-RTPI2
3782,D0102-RTPI3
3783,D0102-RTPI4
3784,D0102-RTPI5
3785,D0102-RTPI6
3786,D0102-RTPI7
3787,D0102-RTPI8
3788,D0102-RTPI9
3789,D0102-RTPI10
3790,D0102-RTPI11
3791,D0102-RTPI12
